Country,Indicator,2005,2010,2015,2017
Aruba,"Personal remittances, received (% of GDP)",0.035175564,0.207992522,0.300328912,0.27736605
Aruba,"Personal remittances, received (current US$)",819846.0963,4972067.039,8083713.408,7490432.875
Aruba,GDP growth (annual %),1.214348832,-3.685029581,-0.450585761,1.330511037
Aruba,GDP (current US$),2330726257,2390502793,2691620112,2700558659
Afghanistan,"Personal remittances, received (% of GDP)",,2.183646212,1.751257176,3.636681422
Afghanistan,"Personal remittances, received (current US$)",,346251493.5,348624717.3,734310164.3
Afghanistan,GDP growth (annual %),11.22971484,14.36244146,1.451314655,2.665292046
Afghanistan,GDP (current US$),6209140044,15856574731,19907111419,20191764940
Angola,"Personal remittances, received (% of GDP)",,0.021446474,0.009565679,0.001161277
Angola,"Personal remittances, received (current US$)",,17972037,11114711.6,1418195.84
Angola,GDP growth (annual %),15.02891532,4.859219584,0.943575613,-0.147207426
Angola,GDP (current US$),36970918699,83799496611,1.16E+11,1.22E+11
Albania,"Personal remittances, received (% of GDP)",16.01704173,13.30537273,11.33185786,10.06423899
Albania,"Personal remittances, received (current US$)",1289704316,1586925580,1290350891,1310873388
Albania,GDP growth (annual %),5.529914809,3.706880684,2.230000179,3.836619656
Albania,GDP (current US$),8052075642,11926953214,11386931490,13025062196
Andorra,"Personal remittances, received (% of GDP)",,,,
Andorra,"Personal remittances, received (current US$)",,,,
Andorra,GDP growth (annual %),7.396982715,-5.358825775,0.842203518,1.724022237
Andorra,GDP (current US$),3255789081,3355695364,2811489409,3013387424
Arab World,"Personal remittances, received (% of GDP)",2.642710154,2.362328543,2.392932794,2.684780487
Arab World,"Personal remittances, received (current US$)",22640971319,37780561643,50979518749,56875650955
Arab World,GDP growth (annual %),5.716351856,4.77207865,3.307618148,0.999881845
Arab World,GDP (current US$),1.19E+12,2.11E+12,2.56E+12,2.59E+12
United Arab Emirates,"Personal remittances, received (% of GDP)",,,,
United Arab Emirates,"Personal remittances, received (current US$)",,,,
United Arab Emirates,GDP growth (annual %),4.855141196,1.602809961,5.064701529,0.790400388
United Arab Emirates,GDP (current US$),1.81E+11,2.90E+11,3.58E+11,3.83E+11
Argentina,"Personal remittances, received (% of GDP)",0.217417891,0.152091368,0.083133102,0.069940895
Argentina,"Personal remittances, received (current US$)",432090000,644300740.1,494433532.1,449507238.4
Argentina,GDP growth (annual %),8.85165992,10.12539816,2.731159828,2.668590379
Argentina,GDP (current US$),1.99E+11,4.24E+11,5.95E+11,6.43E+11
Armenia,"Personal remittances, received (% of GDP)",18.67639576,18.02684075,14.13274122,13.3477448
Armenia,"Personal remittances, received (current US$)",915231161.8,1669336819,1491475903,1538655752
Armenia,GDP growth (annual %),13.86571125,2.199999998,3.199999999,7.500000001
Armenia,GDP (current US$),4900469950,9260284938,10553337673,11527458566
American Samoa,"Personal remittances, received (% of GDP)",,,,
American Samoa,"Personal remittances, received (current US$)",,,,
American Samoa,GDP growth (annual %),-0.401606426,0.442477876,1.248049922,-5.379746835
American Samoa,GDP (current US$),503000000,576000000,661000000,634000000
Antigua and Barbuda,"Personal remittances, received (% of GDP)",1.790808526,1.752556066,2.298744347,2.175551789
Antigua and Barbuda,"Personal remittances, received (current US$)",18305488.89,20197666.67,31244412.26,32852675.82
Antigua and Barbuda,GDP growth (annual %),6.412405164,-7.200024461,4.025736808,3.032606112
Antigua and Barbuda,GDP (current US$),1022191296,1152469074,1359194741,1510084751
Australia,"Personal remittances, received (% of GDP)",0.135621178,0.162674303,0.160797141,0.150430087
Australia,"Personal remittances, received (current US$)",940407766.6,1864472761,2173205676,2001928453
Australia,GDP growth (annual %),3.204198796,2.067520093,2.336075481,2.342582287
Australia,GDP (current US$),6.93E+11,1.15E+12,1.35E+12,1.33E+12
Austria,"Personal remittances, received (% of GDP)",0.732525211,0.761477614,0.749739163,0.718039929
Austria,"Personal remittances, received (current US$)",2314592277,2984175536,2862546684,2993048744
Austria,GDP growth (annual %),2.244066812,1.837094592,1.142980101,2.55088076
Austria,GDP (current US$),3.16E+11,3.92E+11,3.82E+11,4.17E+11
Azerbaijan,"Personal remittances, received (% of GDP)",4.705181625,2.66582974,2.392796472,2.773413677
Azerbaijan,"Personal remittances, received (current US$)",623235000,1410296000,1269964000,1133371000
Azerbaijan,GDP growth (annual %),27.96153807,4.78883271,1.050750982,-0.282011197
Azerbaijan,GDP (current US$),13245716099,52902703376,53074468085,40865558912
Burundi,"Personal remittances, received (% of GDP)",0.006405991,1.69766897,1.644155773,1.060709367
Burundi,"Personal remittances, received (current US$)",71562.16161,34498929.51,51041087.26,33650115.24
Burundi,GDP growth (annual %),0.900000001,5.124163303,-3.900003086,0.500009999
Burundi,GDP (current US$),1117113046,2032135247,3104394858,3172416146
Belgium,"Personal remittances, received (% of GDP)",1.778076582,2.140532096,2.185906895,2.15213135
Belgium,"Personal remittances, received (current US$)",6887659698,10350500806,9966431486,10650934826
Belgium,GDP growth (annual %),2.094265657,2.744231083,1.739580448,1.734389656
Belgium,GDP (current US$),3.87E+11,4.84E+11,4.56E+11,4.95E+11
Benin,"Personal remittances, received (% of GDP)",3.057660183,2.000405451,2.585446764,2.112032628
Benin,"Personal remittances, received (current US$)",146880908.5,139433078.8,214363421.4,195293256
Benin,GDP growth (annual %),1.711577628,2.110199297,2.095808383,5.837823305
Benin,GDP (current US$),4803702821,6970240895,8291155881,9246696924
Burkina Faso,"Personal remittances, received (% of GDP)",1.036889905,1.340147182,3.693440853,3.374293691
Burkina Faso,"Personal remittances, received (current US$)",56642283.34,120344771.5,384830821.8,415809630.8
Burkina Faso,GDP growth (annual %),8.661861605,5.373373126,3.894548057,6.302096059
Burkina Faso,GDP (current US$),5462709498,8979966766,10419303761,12322864245
Bangladesh,"Personal remittances, received (% of GDP)",6.685179339,9.412125648,7.840701094,5.405263404
Bangladesh,"Personal remittances, received (current US$)",4642385284,10850211617,15295536095,13498232549
Bangladesh,GDP growth (annual %),6.535944941,5.571802274,6.552652796,7.284184092
Bangladesh,GDP (current US$),69442943089,1.15E+11,1.95E+11,2.50E+11
Bulgaria,"Personal remittances, received (% of GDP)",5.442295881,2.633685965,2.977491731,3.767697202
Bulgaria,"Personal remittances, received (current US$)",1612912427,1332910000,1494740000,2193590000
Bulgaria,GDP growth (annual %),7.123511076,1.324087801,3.471186041,3.811248158
Bulgaria,GDP (current US$),29636617750,50610058210,50201314895,58220973783
Bahrain,"Personal remittances, received (% of GDP)",,,,
Bahrain,"Personal remittances, received (current US$)",,,,
Bahrain,GDP growth (annual %),6.768939709,4.334407088,2.861967825,3.803522262
Bahrain,GDP (current US$),15968726862,25713271277,31125851064,35432686170
Bahamas,"Personal remittances, received (% of GDP)",,,,
Bahamas,"Personal remittances, received (current US$)",,,,
Bahamas,GDP growth (annual %),3.395355597,1.538777407,1.044959524,1.437191339
Bahamas,GDP (current US$),9836200000,10095760000,11792300000,12162100000
Bosnia and Herzegovina,"Personal remittances, received (% of GDP)",18.15682427,10.60911711,11.11005999,11.15404436
Bosnia and Herzegovina,"Personal remittances, received (current US$)",2037731948,1822304847,1801111958,2016664396
Bosnia and Herzegovina,GDP growth (annual %),8.7592567,0.872151023,3.088223761,3.163559487
Bosnia and Herzegovina,GDP (current US$),11222953519,17176781337,16211541253,18080118128
Belarus,"Personal remittances, received (% of GDP)",0.657451154,0.980651372,1.649994478,2.291025039
Belarus,"Personal remittances, received (current US$)",198600000,575300000,931500000,1253800000
Belarus,GDP growth (annual %),9.400001524,7.798266823,-3.829570558,2.5321835
Belarus,GDP (current US$),30207567317,58665088956,56454734397,54726595249
Belize,"Personal remittances, received (% of GDP)",4.011238067,5.594100112,4.808173214,4.843433881
Belize,"Personal remittances, received (current US$)",44693322.84,78134569.59,84744074.54,90214516.3
Belize,GDP growth (annual %),2.578008809,3.383471706,3.431950484,1.437288946
Belize,GDP (current US$),1114202700,1396731700,1762500450,1862614800
Bermuda,"Personal remittances, received (% of GDP)",,21.95899879,,
Bermuda,"Personal remittances, received (current US$)",,1261415801,1445391572,1505955305
Bermuda,GDP growth (annual %),1.674207149,-2.094113534,,
Bermuda,GDP (current US$),4868136000,5744414000,,
Bolivia (Plurinational State of),"Personal remittances, received (% of GDP)",3.529556061,4.886670517,3.608942542,3.753793537
Bolivia (Plurinational State of),"Personal remittances, received (current US$)",337040056.7,960212746.8,1190958194,1407996989
Bolivia (Plurinational State of),GDP growth (annual %),4.421434767,4.126719369,4.857188015,4.195209367
Bolivia (Plurinational State of),GDP (current US$),9549077869,19649631451,33000198263,37508642258
Brazil,"Personal remittances, received (% of GDP)",0.314632464,0.139564554,0.160741696,0.13141689
Brazil,"Personal remittances, received (current US$)",2805358000,3082801866,2896909952,2698770651
Brazil,GDP growth (annual %),3.20213138,7.52822583,-3.545763393,1.063861259
Brazil,GDP (current US$),8.92E+11,2.21E+12,1.80E+12,2.05E+12
Barbados,"Personal remittances, received (% of GDP)",2.423611829,1.80729809,2.362863133,2.31768889
Barbados,"Personal remittances, received (current US$)",94455423.8,81868796.19,108317190.3,108317190.3
Barbados,GDP growth (annual %),3.975204172,0.265446224,0.904159132,1
Barbados,GDP (current US$),3897300000,4529900000,4584150000,4673500000
Brunei Darussalam,"Personal remittances, received (% of GDP)",,,,
Brunei Darussalam,"Personal remittances, received (current US$)",,,,
Brunei Darussalam,GDP growth (annual %),0.387507208,2.598965746,-0.566814609,1.328751422
Brunei Darussalam,GDP (current US$),9531402848,13707370737,12930394938,12128089000
Bhutan,"Personal remittances, received (% of GDP)",,0.521830602,0.954287467,1.70702901
Bhutan,"Personal remittances, received (current US$)",,8273480.865,19656507.92,43153828.43
Bhutan,GDP growth (annual %),7.12255965,11.73085436,6.644564258,4.629101391
Bhutan,GDP (current US$),818869145.1,1585472534,2059809920,2528007911
Botswana,"Personal remittances, received (% of GDP)",1.185608276,0.174567437,0.208351795,0.208735922
Botswana,"Personal remittances, received (current US$)",117744357.8,22321334.8,30045587.78,36333755.67
Botswana,GDP growth (annual %),4.556645657,8.563631748,-1.697965616,2.90753491
Botswana,GDP (current US$),9931134941,12786654366,14420604206,17406565823
Central African Republic,"Personal remittances, received (% of GDP)",,,,
Central African Republic,"Personal remittances, received (current US$)",,,,
Central African Republic,GDP growth (annual %),0.908210515,4.630818432,4.56280844,4.457283162
Central African Republic,GDP (current US$),1337362392,2140503193,1709221159,2167501640
Canada,"Personal remittances, received (% of GDP)",0.079820602,0.074314543,0.0820365,0.080541132
Canada,"Personal remittances, received (current US$)",933388577.2,1199096963,1273944753,1326405510
Canada,GDP growth (annual %),3.20119986,3.082591592,0.674305601,2.985033351
Canada,GDP (current US$),1.17E+12,1.61E+12,1.55E+12,1.65E+12
Central Europe and the Baltics,"Personal remittances, received (% of GDP)",1.888445201,1.528490208,2.054091909,2.061087562
Central Europe and the Baltics,"Personal remittances, received (current US$)",16712296223,20058478102,26443575390,30000531673
Central Europe and the Baltics,GDP growth (annual %),4.991550266,1.556048138,3.830079284,4.720690224
Central Europe and the Baltics,GDP (current US$),8.85E+11,1.31E+12,1.29E+12,1.46E+12
Switzerland,"Personal remittances, received (% of GDP)",0.421219038,0.427320198,0.370234809,0.361676133
Switzerland,"Personal remittances, received (current US$)",1721477365,2494622577,2516975789,2455655891
Switzerland,GDP growth (annual %),3.11524553,3.002699108,1.333369086,1.616692155
Switzerland,GDP (current US$),4.09E+11,5.84E+11,6.80E+11,6.79E+11
Channel Islands,"Personal remittances, received (% of GDP)",,,,
Channel Islands,"Personal remittances, received (current US$)",,,,
Channel Islands,GDP growth (annual %),1.377734157,,,
Channel Islands,GDP (current US$),8827272727,,,
Chile,"Personal remittances, received (% of GDP)",0.01057213,0.028519091,0.024185158,0.023957733
Chile,"Personal remittances, received (current US$)",13000000,62324923.11,58992215.84,66541753.59
Chile,GDP growth (annual %),5.742830489,5.844177296,2.303767036,1.279183341
Chile,GDP (current US$),1.23E+11,2.19E+11,2.44E+11,2.78E+11
China,"Personal remittances, received (% of GDP)",0.145980386,0.224013018,0.403478066,0.23614282
China,"Personal remittances, received (current US$)",3337061829,13636040942,44445297190,28675983092
China,GDP growth (annual %),11.39577594,10.63614046,6.90531667,6.757007611
China,GDP (current US$),2.29E+12,6.09E+12,1.10E+13,1.21E+13
Côte d'Ivoire,"Personal remittances, received (% of GDP)",0.955074788,1.500843925,1.014897388,0.899264464
Côte d'Ivoire,"Personal remittances, received (current US$)",163173835.6,373477565.8,336246809.7,342202592
Côte d'Ivoire,GDP growth (annual %),1.721247367,2.017638592,8.84285995,7.702089422
Côte d'Ivoire,GDP (current US$),17084927540,24884503951,33131113901,38053610009
Cameroon,"Personal remittances, received (% of GDP)",0.429046893,0.439335029,0.781498566,0.906576993
Cameroon,"Personal remittances, received (current US$)",76988535.8,114858952.7,241609804.7,316601909.7
Cameroon,GDP growth (annual %),2.020662307,3.422507641,5.651463744,3.549087318
Cameroon,GDP (current US$),17944084201,26143818510,30916218544,34922782311
Congo,"Personal remittances, received (% of GDP)",0.074386823,0.072800722,3.07657919,3.350450824
Congo,"Personal remittances, received (current US$)",8900000,15700000,1166568218,1273816799
Congo,GDP growth (annual %),6.135151155,7.107976576,6.91618781,3.726947653
Congo,GDP (current US$),11964484668,21565720044,37917704900,38019265626
"Congo, Rep.","Personal remittances, received (% of GDP)",0.186875121,0.275691499,0.348227693,
"Congo, Rep.","Personal remittances, received (current US$)",11375094.56,33104705.62,29784452.9,
"Congo, Rep.",GDP growth (annual %),7.755758978,8.751601459,2.646485877,-3.1
"Congo, Rep.",GDP (current US$),6087003176,12007880439,8553154580,8701334800
Colombia,"Personal remittances, received (% of GDP)",2.30444151,1.408876239,1.594543094,1.774072961
Colombia,"Personal remittances, received (current US$)",3345610321,4030846326,4679692947,5531379859
Colombia,GDP growth (annual %),4.706555914,4.347553268,2.955945907,1.351326676
Colombia,GDP (current US$),1.45E+11,2.86E+11,2.93E+11,3.12E+11
Comoros,"Personal remittances, received (% of GDP)",8.267358537,9.609486925,13.03372701,12.3675099
Comoros,"Personal remittances, received (current US$)",54034199.48,87166995.76,128792806,132100382.2
Comoros,GDP growth (annual %),2.83754787,3.799933455,1.099964632,2.707658829
Comoros,GDP (current US$),653584808.7,907093130.3,988150249.5,1068124330
Cabo Verde,"Personal remittances, received (% of GDP)",14.06335605,7.865710956,12.58163087,12.98294122
Cabo Verde,"Personal remittances, received (current US$)",136692598.6,130909874.5,200903517.8,229958523.2
Cabo Verde,GDP growth (annual %),6.912457988,1.466790097,1.006863707,4.013257244
Cabo Verde,GDP (current US$),971977088.2,1664310770,1596800287,1771235958
Costa Rica,"Personal remittances, received (% of GDP)",2.107183219,1.423956241,1.007719681,0.963250454
Costa Rica,"Personal remittances, received (current US$)",420346410,530688786,551988507.6,560366619.1
Costa Rica,GDP growth (annual %),3.870873326,4.951863844,3.631731441,3.397181701
Costa Rica,GDP (current US$),19948261084,37268616184,54775997556,58174550212
Caribbean Netherlands,"Personal remittances, received (% of GDP)",6.006317581,5.31311408,5.430355379,5.789989456
Caribbean Netherlands,"Personal remittances, received (current US$)",2345027436,2826099080,3248871336,3295240062
Caribbean Netherlands,GDP growth (annual %),3.719484518,1.462283047,1.168251237,0.294576117
Caribbean Netherlands,GDP (current US$),48878881379,63286770719,71620269050,69074812658
Cuba,"Personal remittances, received (% of GDP)",,,,
Cuba,"Personal remittances, received (current US$)",,,,
Cuba,GDP growth (annual %),11.20165642,2.390352297,4.438141959,1.783497627
Cuba,GDP (current US$),42643836075,64328000000,87133000000,96851000000
Curaçao,"Personal remittances, received (% of GDP)",,,4.517079052,5.138802059
Curaçao,"Personal remittances, received (current US$)",,,142374301.7,160156424.6
Curaçao,GDP growth (annual %),0.67642576,0.082305218,0.278695607,-1.739764784
Curaçao,GDP (current US$),,,3151910782,3116610112
Cayman Islands,"Personal remittances, received (% of GDP)",,,,
Cayman Islands,"Personal remittances, received (current US$)",,,,
Cayman Islands,GDP growth (annual %),6.499998003,-2.715636823,2.833122427,3.039347467
Cayman Islands,GDP (current US$),2315972639,,,3570575151
Cyprus,"Personal remittances, received (% of GDP)",0.568625913,3.371803198,1.290050267,1.713817573
Cyprus,"Personal remittances, received (current US$)",104817181.3,861909265.4,253889961.5,379471173.5
Cyprus,GDP growth (annual %),4.852991308,1.335403498,1.96230401,4.468879044
Cyprus,GDP (current US$),18433416242,25562264901,19680625485,22141864999
Czechia,"Personal remittances, received (% of GDP)",0.983644686,0.592383155,1.431691351,1.660487329
Czechia,"Personal remittances, received (current US$)",1340517764,1229063882,2674828099,3585217057
Czechia,GDP growth (annual %),6.533468806,2.273420052,5.309238519,4.352603518
Czechia,GDP (current US$),1.36E+11,2.07E+11,1.87E+11,2.16E+11
Germany,"Personal remittances, received (% of GDP)",0.239943894,0.374342263,0.460489531,0.451884876
Germany,"Personal remittances, received (current US$)",6865779219,12791629121,15570943908,16689031816
Germany,GDP growth (annual %),0.706713948,4.079933305,1.738967619,2.15710947
Germany,GDP (current US$),2.86E+12,3.42E+12,3.38E+12,3.69E+12
Djibouti,"Personal remittances, received (% of GDP)",3.647797743,2.89214171,3.874308138,3.196724792
Djibouti,"Personal remittances, received (current US$)",25849505.69,32641049.74,63296196.26,58969164.98
Djibouti,GDP growth (annual %),,,9.683798116,4.090263628
Djibouti,GDP (current US$),708633194.7,1128611700,1633741923,1844674435
Dominica,"Personal remittances, received (% of GDP)",5.977224751,4.635108285,10.34116722,8.889091297
Dominica,"Personal remittances, received (current US$)",21772344.44,22889296.3,55928203.98,44154449.73
Dominica,GDP growth (annual %),0.65623311,0.672543298,-2.55050302,-9.530409524
Dominica,GDP (current US$),364255074.1,493824413.3,540830670,496726248.5
Denmark,"Personal remittances, received (% of GDP)",0.251861594,0.287416406,0.415714485,0.401400372
Denmark,"Personal remittances, received (current US$)",666091577.1,925467462.1,1258255663,1324081495
Denmark,GDP growth (annual %),2.336664491,1.870992639,2.342620274,2.262366309
Denmark,GDP (current US$),2.64E+11,3.22E+11,3.03E+11,3.30E+11
Dominican Republic,"Personal remittances, received (% of GDP)",7.528437782,7.200430117,7.552386632,8.136000529
Dominican Republic,"Personal remittances, received (current US$)",2719200000,3887000000,5196200000,6177800000
Dominican Republic,GDP growth (annual %),9.428236947,8.33965106,7.033371069,4.551815138
Dominican Republic,GDP (current US$),36119047252,53982886258,68802092021,75931656815
Algeria,"Personal remittances, received (% of GDP)",0.16473151,0.121948154,1.203399298,1.069307736
Algeria,"Personal remittances, received (current US$)",170000000,196589288,1997393458,1791681572
Algeria,GDP growth (annual %),5.907791268,3.634145353,3.763466958,1.600000001
Algeria,GDP (current US$),1.03E+11,1.61E+11,1.66E+11,1.68E+11
East Asia & Pacific (excluding high income),"Personal remittances, received (% of GDP)",0.929995641,0.732161596,0.824381433,0.677347022
East Asia & Pacific (excluding high income),"Personal remittances, received (current US$)",28815887815,57499852008,1.09E+11,99012724655
East Asia & Pacific (excluding high income),GDP growth (annual %),9.715112411,9.776601958,6.509708361,6.472427998
East Asia & Pacific (excluding high income),GDP (current US$),3.11E+12,7.87E+12,1.32E+13,1.46E+13
Early-demographic dividend,"Personal remittances, received (% of GDP)",2.272897546,2.204110464,2.694899085,2.591763214
Early-demographic dividend,"Personal remittances, received (current US$)",1.07E+11,1.86E+11,2.63E+11,2.77E+11
Early-demographic dividend,GDP growth (annual %),6.118428943,6.167965018,4.659415039,4.695149887
Early-demographic dividend,GDP (current US$),4.77E+12,8.55E+12,1.03E+13,1.14E+13
East Asia & Pacific,"Personal remittances, received (% of GDP)",0.374872104,0.417720415,0.582509116,0.492333223
East Asia & Pacific,"Personal remittances, received (current US$)",37634602590,68803690537,1.23E+11,1.14E+11
East Asia & Pacific,GDP growth (annual %),5.045837852,7.06145117,4.134023113,4.585208689
East Asia & Pacific,GDP (current US$),1.03E+13,1.69E+13,2.17E+13,2.39E+13
Europe & Central Asia (excluding high income),"Personal remittances, received (% of GDP)",1.103681724,1.22310588,1.410658272,1.516655667
Europe & Central Asia (excluding high income),"Personal remittances, received (current US$)",17972647696,37913946278,43570885058,49414365822
Europe & Central Asia (excluding high income),GDP growth (annual %),7.199793097,5.079791293,0.818800416,4.027853444
Europe & Central Asia (excluding high income),GDP (current US$),1.68E+12,3.10E+12,3.09E+12,3.32E+12
Europe & Central Asia,"Personal remittances, received (% of GDP)",0.503209867,0.634915748,0.73519011,0.744973911
Europe & Central Asia,"Personal remittances, received (current US$)",83900620682,1.33E+11,1.50E+11,1.60E+11
Europe & Central Asia,GDP growth (annual %),2.77453623,2.561912148,2.042572159,2.652034133
Europe & Central Asia,GDP (current US$),1.68E+13,2.09E+13,2.04E+13,2.15E+13
Ecuador,"Personal remittances, received (% of GDP)",5.92669902,3.736630473,2.404619529,2.731717752
Ecuador,"Personal remittances, received (current US$)",2460000000,2599027039,2387555892,2849068577
Ecuador,GDP growth (annual %),5.291296789,3.525298669,0.098872608,2.368386526
Ecuador,GDP (current US$),41507085000,69555367000,99290381000,1.04E+11
Egypt,"Personal remittances, received (% of GDP)",5.594312793,5.689248172,5.508117795,10.5100444
Egypt,"Personal remittances, received (current US$)",5017300000,12453100000,18325400000,24737400000
Egypt,GDP growth (annual %),4.471744472,5.147234858,4.372019078,4.181221
Egypt,GDP (current US$),89685725230,2.19E+11,3.33E+11,2.35E+11
Euro area,"Personal remittances, received (% of GDP)",0.417341909,0.544149362,0.661097885,0.639524716
Euro area,"Personal remittances, received (current US$)",43968449771,68842364935,77241175282,80802093875
Euro area,GDP growth (annual %),1.704974391,2.078851071,2.114215347,2.414248317
Euro area,GDP (current US$),1.05E+13,1.27E+13,1.17E+13,1.26E+13
Eritrea,"Personal remittances, received (% of GDP)",,,,
Eritrea,"Personal remittances, received (current US$)",,,,
Eritrea,GDP growth (annual %),2.57444953,2.194190545,,
Eritrea,GDP (current US$),1098425901,2117039512,,
Spain,"Personal remittances, received (% of GDP)",0.098148497,0.11004273,0.223055163,0.22905931
Spain,"Personal remittances, received (current US$)",1135849455,1575390155,2674619184,3010558954
Spain,GDP growth (annual %),3.723001788,0.014063878,3.644680152,2.979182401
Spain,GDP (current US$),1.16E+12,1.43E+12,1.20E+12,1.31E+12
Estonia,"Personal remittances, received (% of GDP)",1.885596616,1.832475975,1.995765856,1.899560157
Estonia,"Personal remittances, received (current US$)",264098327,357166726,457119329.8,505504330.9
Estonia,GDP growth (annual %),9.373711454,2.259075894,1.90028659,4.856686856
Estonia,GDP (current US$),14006088297,19490936349,22904456872,26611651599
Ethiopia,"Personal remittances, received (% of GDP)",1.399221469,1.153047348,1.686177576,0.480915457
Ethiopia,"Personal remittances, received (current US$)",173519405.7,345150775.5,1086986751,392986446.2
Ethiopia,GDP growth (annual %),11.81876595,12.55053835,10.39246302,9.503858571
Ethiopia,GDP (current US$),12401139454,29933790334,64464547915,81716326731
European Union,"Personal remittances, received (% of GDP)",0.459331237,0.55034732,0.654472538,0.655415212
European Union,"Personal remittances, received (current US$)",66342097847,93611878694,1.08E+11,1.14E+11
European Union,GDP growth (annual %),2.122090104,2.086414783,2.349474797,2.482225474
European Union,GDP (current US$),1.44E+13,1.70E+13,1.64E+13,1.73E+13
Fragile and conflict affected situations,"Personal remittances, received (% of GDP)",4.149441691,3.632896946,4.060862671,4.014983331
Fragile and conflict affected situations,"Personal remittances, received (current US$)",11500834154,19149320955,28274360447,29725791961
Fragile and conflict affected situations,GDP growth (annual %),6.668136683,6.563475533,2.207629639,2.98009593
Fragile and conflict affected situations,GDP (current US$),3.10E+11,6.50E+11,7.74E+11,8.29E+11
Finland,"Personal remittances, received (% of GDP)",0.338797431,0.360789742,0.371553238,0.349539468
Finland,"Personal remittances, received (current US$)",692623967.6,894036317.1,865164644,881894501.7
Finland,GDP growth (annual %),2.779955031,2.992337502,0.50066201,2.65252953
Finland,GDP (current US$),2.04E+11,2.48E+11,2.33E+11,2.52E+11
Fiji,"Personal remittances, received (% of GDP)",6.762220314,5.59304202,5.364087108,5.203308181
Fiji,"Personal remittances, received (current US$)",203321369.7,175649978.8,251175893.6,274231781.8
Fiji,GDP growth (annual %),0.700000383,2.954672074,4.663807838,5.179743526
Fiji,GDP (current US$),3006725015,3140508836,4682546881,5270335185
France,"Personal remittances, received (% of GDP)",0.6471501,0.753163435,0.986722537,0.962196124
France,"Personal remittances, received (current US$)",14212232287,19903168862,24058346807,24885137940
France,GDP growth (annual %),1.663219998,1.949437632,1.112912342,2.260202722
France,GDP (current US$),2.20E+12,2.64E+12,2.44E+12,2.59E+12
Faroe Islands,"Personal remittances, received (% of GDP)",4.646524171,6.308880892,6.290932992,
Faroe Islands,"Personal remittances, received (current US$)",80282305.11,146392824.3,158411750,158411750
Faroe Islands,GDP growth (annual %),,,,
Faroe Islands,GDP (current US$),1727792693,2320424601,2518096286,
Micronesia (Fed. States of),"Personal remittances, received (% of GDP)",,6.092802199,7.404886799,6.937215299
Micronesia (Fed. States of),"Personal remittances, received (current US$)",,18066700,23338700,23338700
Micronesia (Fed. States of),GDP growth (annual %),2.056752063,2.041890243,4.931500557,3.199981628
Micronesia (Fed. States of),GDP (current US$),250149400,296525300,315179700,336427500
Gabon,"Personal remittances, received (% of GDP)",0.115128767,0.267637797,0.128383009,
Gabon,"Personal remittances, received (current US$)",11028154.17,38428998.66,18458042.25,
Gabon,GDP growth (annual %),2.676203333,7.089887315,3.878899395,0.479762271
Gabon,GDP (current US$),9578973591,14358584300,14377324798,14892609693
United Kingdom,"Personal remittances, received (% of GDP)",0.239412001,0.201859246,0.172585187,0.16336245
United Kingdom,"Personal remittances, received (current US$)",6045166080,4951404773,4998792885,4309283085
United Kingdom,GDP growth (annual %),3.148724236,1.711206445,2.349122692,1.822927774
United Kingdom,GDP (current US$),2.53E+12,2.45E+12,2.90E+12,2.64E+12
Georgia,"Personal remittances, received (% of GDP)",6.957008744,10.17257952,10.42437132,11.89513822
Georgia,"Personal remittances, received (current US$)",446005398.6,1183935750,1458741311,1793945161
Georgia,GDP growth (annual %),9.58957388,6.249487789,2.880526546,4.832686291
Georgia,GDP (current US$),6410878800,11638500814,13993566298,15081330942
Ghana,"Personal remittances, received (% of GDP)",0.924226217,0.422231915,10.1306516,5.994242779
Ghana,"Personal remittances, received (current US$)",99184576,135852160,4982442362,3536410000
Ghana,GDP growth (annual %),5.900003916,7.899711889,2.1782068,8.143446497
Ghana,GDP (current US$),10731634117,32174772956,49181854795,58996776244
Gibraltar,"Personal remittances, received (% of GDP)",,,,
Gibraltar,"Personal remittances, received (current US$)",,,,
Gibraltar,GDP growth (annual %),,,,
Gibraltar,GDP (current US$),,,,
Guinea,"Personal remittances, received (% of GDP)",1.415355269,0.674986751,1.484868119,0.441438496
Guinea,"Personal remittances, received (current US$)",41570000,46260000,130582308.4,43770000
Guinea,GDP growth (annual %),2.997272562,4.820715414,3.81494989,13.36010547
Guinea,GDP (current US$),2937071767,6853467858,8794202444,9915311049
Gambia,"Personal remittances, received (% of GDP)",9.501222377,12.15573512,9.752459115,15.319678
Gambia,"Personal remittances, received (current US$)",59304087.54,115699061,135963871.3,228181209.4
Gambia,GDP growth (annual %),-0.941675935,6.526297338,5.868247526,4.557731909
Gambia,GDP (current US$),624173239.9,951806368.7,1394149616,1489464788
Guinea-Bissau,"Personal remittances, received (% of GDP)",3.391100669,5.404896187,8.107668562,7.790057569
Guinea-Bissau,"Personal remittances, received (current US$)",19898832.08,45890277.97,84952814,104919759.1
Guinea-Bissau,GDP growth (annual %),4.266098931,4.6109709,6.134082941,5.919176626
Guinea-Bissau,GDP (current US$),586795675.4,849050127.5,1047808175,1346841897
Equatorial Guinea,"Personal remittances, received (% of GDP)",,,,
Equatorial Guinea,"Personal remittances, received (current US$)",,,,
Equatorial Guinea,GDP growth (annual %),16.74870061,-8.924175889,-9.110041149,-4.685683868
Equatorial Guinea,GDP (current US$),8217369093,16298542028,13180195435,12289913729
Greece,"Personal remittances, received (% of GDP)",0.4924095,0.500800126,0.258979939,0.197253414
Greece,"Personal remittances, received (current US$)",1220107040,1499203153,509132167.4,400593183.9
Greece,GDP growth (annual %),0.599142055,-5.479037108,-0.437833918,1.505099308
Greece,GDP (current US$),2.48E+11,2.99E+11,1.97E+11,2.03E+11
Grenada,"Personal remittances, received (% of GDP)",3.859254739,3.693205257,4.336767732,4.074480881
Grenada,"Personal remittances, received (current US$)",26836111.11,28475102.22,43237918.01,45914603.71
Grenada,GDP growth (annual %),13.27306387,-0.511262754,6.443143733,5.05921616
Grenada,GDP (current US$),695370296.3,771013259.3,997007925.9,1126882296
Greenland,"Personal remittances, received (% of GDP)",,,,
Greenland,"Personal remittances, received (current US$)",,,,
Greenland,GDP growth (annual %),4.987491771,1.735825059,-2.529498324,0.987493074
Greenland,GDP (current US$),1849805733,2503156061,2499115623,
Guatemala,"Personal remittances, received (% of GDP)",11.26955087,10.23682225,10.30740587,11.17322048
Guatemala,"Personal remittances, received (current US$)",3066600000,4231750980,6572785056,8449200000
Guatemala,GDP growth (annual %),3.260111043,2.869487756,4.140044358,2.760338484
Guatemala,GDP (current US$),27211377225,41338521638,63767597194,75620095538
Guam,"Personal remittances, received (% of GDP)",,,,
Guam,"Personal remittances, received (current US$)",,,,
Guam,GDP growth (annual %),3.535461753,2.091612633,0.561471442,0.192049165
Guam,GDP (current US$),4197000000,4895000000,5710000000,5859000000
Guyana,"Personal remittances, received (% of GDP)",24.4021998,16.17989418,9.469884053,7.571263347
Guyana,"Personal remittances, received (current US$)",201289000,367805406.3,302773517.6,269173994.5
Guyana,GDP growth (annual %),-1.95095758,4.138443121,3.162407787,2.080177394
Guyana,GDP (current US$),824880550.3,2273225042,3197225182,3555205811
High income,"Personal remittances, received (% of GDP)",0.220257242,0.261975784,0.279870586,0.273308235
High income,"Personal remittances, received (current US$)",81674757034,1.17E+11,1.33E+11,1.38E+11
High income,GDP growth (annual %),2.80435081,2.93549698,2.326822479,2.256178521
High income,GDP (current US$),3.76E+13,4.54E+13,4.79E+13,5.10E+13
"China, Hong Kong SAR","Personal remittances, received (% of GDP)",0.163441678,0.148518539,0.125006794,0.127879662
"China, Hong Kong SAR","Personal remittances, received (current US$)",296761189.3,339569368.9,386750552.6,436898438.6
"China, Hong Kong SAR",GDP growth (annual %),7.388178026,6.767685414,2.387808053,3.838406307
"China, Hong Kong SAR",GDP (current US$),1.82E+11,2.29E+11,3.09E+11,3.42E+11
Honduras,"Personal remittances, received (% of GDP)",18.66408022,16.64314011,17.60517562,18.8436262
Honduras,"Personal remittances, received (current US$)",1805194920,2617906839,3667853295,4322761614
Honduras,GDP growth (annual %),6.050599222,3.731140344,3.840079971,4.788026945
Honduras,GDP (current US$),9672027224,15729644901,20833948912,22940179174
Heavily indebted poor countries (HIPC),"Personal remittances, received (% of GDP)",3.218658887,3.14722663,3.739982689,3.42035653
Heavily indebted poor countries (HIPC),"Personal remittances, received (current US$)",7407392068,14278459474,23867542095,24838429869
Heavily indebted poor countries (HIPC),GDP growth (annual %),6.079802595,5.864022377,4.921544707,5.168973749
Heavily indebted poor countries (HIPC),GDP (current US$),2.48E+11,4.74E+11,6.60E+11,7.52E+11
Croatia,"Personal remittances, received (% of GDP)",3.443909303,3.174078165,4.248107032,4.499208388
Croatia,"Personal remittances, received (current US$)",1561715801,1900192910,2103620410,2483626805
Croatia,GDP growth (annual %),4.109564989,-1.472916296,2.400591879,2.921363374
Croatia,GDP (current US$),45347181470,59865977192,49519006809,55201417479
Haiti,"Personal remittances, received (% of GDP)",22.87870238,22.25436737,25.16500588,32.3710653
Haiti,"Personal remittances, received (current US$)",986154000,1473804721,2195560227,2721841068
Haiti,GDP growth (annual %),1.805011319,-5.497792435,1.211218752,1.173279505
Haiti,GDP (current US$),4310358096,6622541529,8724656126,8408252995
Hungary,"Personal remittances, received (% of GDP)",1.69235097,1.58040671,3.763332692,3.474586422
Hungary,"Personal remittances, received (current US$)",1912955034,2069110166,4631687566,4856121528
Hungary,GDP growth (annual %),4.388215174,0.65529337,3.536425476,4.137063937
Hungary,GDP (current US$),1.13E+11,1.31E+11,1.23E+11,1.40E+11
IBRD only,"Personal remittances, received (% of GDP)",1.495204896,1.195341617,1.301148865,1.22732782
IBRD only,"Personal remittances, received (current US$)",1.42E+11,2.38E+11,3.30E+11,3.45E+11
IBRD only,GDP growth (annual %),6.895195789,7.312169938,3.839885675,4.859708837
IBRD only,GDP (current US$),9.59E+12,2.00E+13,2.59E+13,2.86E+13
IDA & IBRD total,"Personal remittances, received (% of GDP)",1.770088486,1.457688377,1.601275838,1.501466615
IDA & IBRD total,"Personal remittances, received (current US$)",1.81E+11,3.12E+11,4.40E+11,4.54E+11
IDA & IBRD total,GDP growth (annual %),6.870326389,7.241099801,3.861304311,4.81794031
IDA & IBRD total,GDP (current US$),1.03E+13,2.15E+13,2.80E+13,3.08E+13
IDA total,"Personal remittances, received (% of GDP)",5.502298517,5.285635901,5.42793532,5.400021609
IDA total,"Personal remittances, received (current US$)",38506425637,73708774432,1.10E+11,1.09E+11
IDA total,GDP growth (annual %),6.517133199,6.234791324,4.161145239,4.22581063
IDA total,GDP (current US$),7.55E+11,1.47E+12,2.11E+12,2.16E+12
IDA blend,"Personal remittances, received (% of GDP)",6.071561632,5.221207984,4.870140171,5.533406071
IDA blend,"Personal remittances, received (current US$)",20970437307,37115331349,49916569195,48379642127
IDA blend,GDP growth (annual %),6.386212681,6.275417131,3.873094127,2.717393058
IDA blend,GDP (current US$),3.67E+11,7.11E+11,1.02E+12,9.42E+11
Indonesia,"Personal remittances, received (% of GDP)",1.895843189,0.915919025,1.122044621,0.885298633
Indonesia,"Personal remittances, received (current US$)",5419620729,6916051073,9659168639,8989529971
Indonesia,GDP growth (annual %),5.692571304,6.223854181,4.8763223,5.067406366
Indonesia,GDP (current US$),2.86E+11,7.55E+11,8.61E+11,1.02E+12
IDA only,"Personal remittances, received (% of GDP)",4.94756847,5.355776916,6.020725916,5.29391116
IDA only,"Personal remittances, received (current US$)",17535988330,36593443082,59689025837,60439065468
IDA only,GDP growth (annual %),6.66011253,6.192775698,4.462011394,5.758166128
IDA only,GDP (current US$),3.84E+11,7.49E+11,1.07E+12,1.22E+12
Isle of Man,"Personal remittances, received (% of GDP)",,,,
Isle of Man,"Personal remittances, received (current US$)",,,,
Isle of Man,GDP growth (annual %),5.900004534,3.4,-0.9,
Isle of Man,GDP (current US$),3032409189,5920177689,6792417112,
India,"Personal remittances, received (% of GDP)",2.696926349,3.191660978,3.275817292,2.600031827
India,"Personal remittances, received (current US$)",22125089480,53479960083,68909693353,68967175500
India,GDP growth (annual %),7.923428667,8.497586876,7.996253786,7.167888861
India,GDP (current US$),8.20E+11,1.68E+12,2.10E+12,2.65E+12
Not classified,"Personal remittances, received (% of GDP)",,,,
Not classified,"Personal remittances, received (current US$)",,,,
Not classified,GDP growth (annual %),,,,
Not classified,GDP (current US$),,,,
Ireland,"Personal remittances, received (% of GDP)",0.242179515,0.296290987,0.207286997,0.179912851
Ireland,"Personal remittances, received (current US$)",512570605.6,658163144.7,603396879.9,596285186.5
Ireland,GDP growth (annual %),5.667966764,1.922042197,25.11725091,7.221788744
Ireland,GDP (current US$),2.12E+11,2.22E+11,2.91E+11,3.31E+11
Iran (Islamic Republic of),"Personal remittances, received (% of GDP)",0.455725438,0.242470495,0.344671671,0.292943303
Iran (Islamic Republic of),"Personal remittances, received (current US$)",1032000000,1181000000,1330000000,1330000000
Iran (Islamic Republic of),GDP growth (annual %),3.189804087,5.797938302,-1.32064512,3.755187367
Iran (Islamic Republic of),GDP (current US$),2.26E+11,4.87E+11,3.86E+11,4.54E+11
Iraq,"Personal remittances, received (% of GDP)",1.423484257,0.127565825,0.565920029,0.563526017
Iraq,"Personal remittances, received (current US$)",711100000,176700000,1004500000,1088500000
Iraq,GDP growth (annual %),4.400617409,6.402564845,2.477664617,-1.671287156
Iraq,GDP (current US$),49954890353,1.39E+11,1.77E+11,1.93E+11
Iceland,"Personal remittances, received (% of GDP)",0.391057513,0.989908021,1.228648544,0.764062746
Iceland,"Personal remittances, received (current US$)",65746661.47,135455942.9,213098841.8,187115096.1
Iceland,GDP growth (annual %),6.330004316,-3.435878079,4.467860508,4.603781379
Iceland,GDP (current US$),16812529924,13683689802,17344165907,24489493459
Israel,"Personal remittances, received (% of GDP)",0.264656009,0.244509838,0.283921109,0.280579856
Israel,"Personal remittances, received (current US$)",376900000,571500000,853100000,991200000
Israel,GDP growth (annual %),3.947908904,5.507560152,2.567352135,3.44461203
Israel,GDP (current US$),1.42E+11,2.34E+11,3.00E+11,3.53E+11
Italy,"Personal remittances, received (% of GDP)",0.220953343,0.375380186,0.524290935,0.500375577
Italy,"Personal remittances, received (current US$)",4093518585,7977047600,9606441417,9740162570
Italy,GDP growth (annual %),0.949666258,1.686523403,0.923992488,1.68418261
Italy,GDP (current US$),1.85E+12,2.13E+12,1.83E+12,1.95E+12
Jamaica,"Personal remittances, received (% of GDP)",15.72262907,15.35152938,16.69251001,16.66055013
Jamaica,"Personal remittances, received (current US$)",1761628767,2026445825,2361233874,2462613879
Jamaica,GDP growth (annual %),0.893797936,-1.457848415,0.90484599,0.978556223
Jamaica,GDP (current US$),11204416000,13200286270,14145469269,14781107822
Jordan,"Personal remittances, received (% of GDP)",19.23058889,13.64503077,14.08600182,10.87177119
Jordan,"Personal remittances, received (current US$)",2420874471,3622957746,5348309859,4431971831
Jordan,GDP growth (annual %),8.146583289,2.311392474,2.39169597,2.115732889
Jordan,GDP (current US$),12588665303,26551480959,37968970381,40765867419
Japan,"Personal remittances, received (% of GDP)",0.019030559,0.029551578,0.075751597,0.091421275
Japan,"Personal remittances, received (current US$)",904981240.7,1684468955,3325097903,4443028775
Japan,GDP growth (annual %),1.662670405,4.191739259,1.222921041,1.928757251
Japan,GDP (current US$),4.76E+12,5.70E+12,4.39E+12,4.86E+12
Kazakhstan,"Personal remittances, received (% of GDP)",0.108574816,0.15235412,0.159592265,0.344055338
Kazakhstan,"Personal remittances, received (current US$)",62021921.33,225556234.3,294269675.9,560420963.9
Kazakhstan,GDP growth (annual %),9.699999999,7.3,1.2,4.1
Kazakhstan,GDP (current US$),57123671734,1.48E+11,1.84E+11,1.63E+11
Kenya,"Personal remittances, received (% of GDP)",2.268082854,1.714389395,2.451684119,2.491519543
Kenya,"Personal remittances, received (current US$)",424991045.9,685757272.4,1569267846,1962255797
Kenya,GDP growth (annual %),5.906666082,8.405699224,5.718507134,4.862538221
Kenya,GDP (current US$),18737897745,40000088347,64007750179,78757391333
Kyrgyzstan,"Personal remittances, received (% of GDP)",12.7324666,26.41011628,25.27189147,32.27053226
Kyrgyzstan,"Personal remittances, received (current US$)",313250258.3,1266195469,1687701982,2485778060
Kyrgyzstan,GDP growth (annual %),-0.175548229,-0.471566848,3.9,4.7
Kyrgyzstan,GDP (current US$),2460248026,4794357795,6678178340,7702934800
Cambodia,"Personal remittances, received (% of GDP)",2.601283954,4.958570873,6.56772097,5.838057426
Cambodia,"Personal remittances, received (current US$)",163700000,557456183.5,1185470633,1294717701
Cambodia,GDP growth (annual %),13.25008691,5.963078575,7.036087179,7.01503011
Cambodia,GDP (current US$),6293046162,11242275199,18049954289,22177200512
Kiribati,"Personal remittances, received (% of GDP)",,10.02427031,8.209572095,9.677910921
Kiribati,"Personal remittances, received (current US$)",,15649980.56,14048045.1,17959541.39
Kiribati,GDP growth (annual %),4.951631626,-0.923884657,10.40540793,0.328439777
Kiribati,GDP (current US$),112133944.3,156120895.2,171117872.4,185572501.5
Saint Kitts and Nevis,"Personal remittances, received (% of GDP)",5.238811278,6.133799938,2.159314011,2.199570809
Saint Kitts and Nevis,"Personal remittances, received (current US$)",30266233.33,47033062.22,20217968.27,21819905.26
Saint Kitts and Nevis,GDP growth (annual %),9.695235313,-1.466050863,2.146656524,1.170562676
Saint Kitts and Nevis,GDP (current US$),577730934.1,766785071.2,936314411.5,992007403.1
Republic of Korea,"Personal remittances, received (% of GDP)",0.57902067,0.534829012,0.467462262,0.426352838
Republic of Korea,"Personal remittances, received (current US$)",5200400000,5853700000,6463900000,6526400000
Republic of Korea,GDP growth (annual %),3.923677392,6.496793586,2.790236167,3.062768462
Republic of Korea,GDP (current US$),8.98E+11,1.09E+12,1.38E+12,1.53E+12
Kuwait,"Personal remittances, received (% of GDP)",,0.004165789,0.029908966,0.019198227
Kuwait,"Personal remittances, received (current US$)",,4808113.945,34265894.53,22951786.93
Kuwait,GDP growth (annual %),10.07595099,-2.367061944,0.593019617,-3.48154919
Kuwait,GDP (current US$),80797945205,1.15E+11,1.15E+11,1.20E+11
Latin America & Caribbean (excluding high income),"Personal remittances, received (% of GDP)",1.920151723,1.159192108,1.505545913,1.65637652
Latin America & Caribbean (excluding high income),"Personal remittances, received (current US$)",48622702454,56108131378,67912822103,80861724078
Latin America & Caribbean (excluding high income),GDP growth (annual %),4.313142459,6.009045752,-0.064061083,1.734269699
Latin America & Caribbean (excluding high income),GDP (current US$),2.57E+12,4.90E+12,5.00E+12,5.41E+12
Lao People's Democratic Republic,"Personal remittances, received (% of GDP)",0.030341151,0.586075196,1.314851765,1.499756594
Lao People's Democratic Republic,"Personal remittances, received (current US$)",830000,41774224.63,189212313.6,252755290.8
Lao People's Democratic Republic,GDP growth (annual %),7.107568369,8.526905517,7.269591775,6.851431259
Lao People's Democratic Republic,GDP (current US$),2735558726,7127792630,14390391264,16853087485
Lebanon,"Personal remittances, received (% of GDP)",22.91446861,17.99615366,14.96945018,13.25420097
Lebanon,"Personal remittances, received (current US$)",4924310615,6914055025,7480817046,7076921514
Lebanon,GDP growth (annual %),2.748394055,8.037249354,0.415030765,0.551994777
Lebanon,GDP (current US$),21489962080,38419626534,49973893201,53393799668
Liberia,"Personal remittances, received (% of GDP)",3.35668658,14.72632443,20.598819,12.28066958
Liberia,"Personal remittances, received (current US$)",31854955.65,294231962.2,654424479.5,403475872.7
Liberia,GDP growth (annual %),5.281212071,6.099827602,0,2.468626095
Liberia,GDP (current US$),949000000,1998000000,3177000000,3285455000
Libya,"Personal remittances, received (% of GDP)",0.031689595,,,
Libya,"Personal remittances, received (current US$)",15000000,,,
Libya,GDP growth (annual %),11.87072893,5.021289739,-8.862039363,26.67587012
Libya,GDP (current US$),47334148578,74773444901,27842131480,38115981879
Saint Lucia,"Personal remittances, received (% of GDP)",2.663876826,2.072154253,2.291232795,2.1639361
Saint Lucia,"Personal remittances, received (current US$)",27063248.15,28993654.44,37597427.02,39170270.51
Saint Lucia,GDP growth (annual %),-0.410303993,0.303818186,0.27250039,3.671861435
Saint Lucia,GDP (current US$),1015934667,1399203481,1640925667,1810139889
Latin America & Caribbean,"Personal remittances, received (% of GDP)",1.809174724,1.103786992,1.409386206,1.543197682
Latin America & Caribbean,"Personal remittances, received (current US$)",49078289836,56950318894,69137543097,82088431063
Latin America & Caribbean,GDP growth (annual %),4.249671049,5.849832657,0.087392111,1.656188214
Latin America & Caribbean,GDP (current US$),2.86E+12,5.35E+12,5.52E+12,5.97E+12
Least developed countries: UN classification,"Personal remittances, received (% of GDP)",4.499639747,4.124470791,4.521124085,3.992380814
Least developed countries: UN classification,"Personal remittances, received (current US$)",12170667534,26256595061,42399620211,42853443522
Least developed countries: UN classification,GDP growth (annual %),8.282261489,6.226265529,4.047271519,4.841495295
Least developed countries: UN classification,GDP (current US$),3.37E+11,6.73E+11,9.60E+11,1.08E+12
Low income,"Personal remittances, received (% of GDP)",3.893612096,4.893238306,5.913152968,5.894266952
Low income,"Personal remittances, received (current US$)",6280503127,14413173508,24914452043,25763202390
Low income,GDP growth (annual %),6.641829934,6.930957447,2.874425853,4.957841233
Low income,GDP (current US$),1.97E+11,3.68E+11,5.17E+11,5.27E+11
Liechtenstein,"Personal remittances, received (% of GDP)",,,,
Liechtenstein,"Personal remittances, received (current US$)",,,,
Liechtenstein,GDP growth (annual %),4.828074952,,,
Liechtenstein,GDP (current US$),3659251526,5082366478,6268391521,
Sri Lanka,"Personal remittances, received (% of GDP)",8.094537876,7.26853335,8.6840907,8.168961561
Sri Lanka,"Personal remittances, received (current US$)",1975536000,4123130000,6999731475,7190296015
Sri Lanka,GDP growth (annual %),6.241748045,8.015967371,5.007683305,3.419819189
Sri Lanka,GDP (current US$),24405791045,56725749222,80604080689,88019706804
Lower middle income,"Personal remittances, received (% of GDP)",4.414008365,4.049467818,4.275658645,4.043012033
Lower middle income,"Personal remittances, received (current US$)",92514281644,1.81E+11,2.47E+11,2.61E+11
Lower middle income,GDP growth (annual %),6.596625655,6.845015339,5.585128712,5.557649482
Lower middle income,GDP (current US$),2.16E+12,4.46E+12,5.78E+12,6.52E+12
Low & middle income,"Personal remittances, received (% of GDP)",1.782610707,1.4718562,1.625244107,1.524684576
Low & middle income,"Personal remittances, received (current US$)",1.73E+11,3.02E+11,4.32E+11,4.45E+11
Low & middle income,GDP growth (annual %),6.996254237,7.362324521,3.888344613,4.857397353
Low & middle income,GDP (current US$),9.87E+12,2.07E+13,2.72E+13,2.99E+13
Lesotho,"Personal remittances, received (% of GDP)",35.62594972,25.83508118,14.772202,15.55150462
Lesotho,"Personal remittances, received (current US$)",599353498.2,610124769.9,370828477.7,400959055.8
Lesotho,GDP growth (annual %),3.466122481,6.072038316,2.766659687,-2.286299107
Lesotho,GDP (current US$),1682350935,2361613520,2510312801,2578265356
Late-demographic dividend,"Personal remittances, received (% of GDP)",0.860619529,0.698363393,0.759169687,0.646185177
Late-demographic dividend,"Personal remittances, received (current US$)",50129427215,91410723930,1.37E+11,1.29E+11
Late-demographic dividend,GDP growth (annual %),7.170854167,7.620953212,3.875715833,4.695157965
Late-demographic dividend,GDP (current US$),6.16E+12,1.35E+13,1.84E+13,2.04E+13
Lithuania,"Personal remittances, received (% of GDP)",2.85325104,4.508044359,3.30545277,2.73783377
Lithuania,"Personal remittances, received (current US$)",745428267.4,1673409404,1372314972,1301688270
Lithuania,GDP growth (annual %),7.727407918,1.639819649,2.020627995,4.139948473
Lithuania,GDP (current US$),26125575942,37120517694,41516701871,47544459559
Luxembourg,"Personal remittances, received (% of GDP)",3.210335894,3.106886277,2.898859211,2.994763031
Luxembourg,"Personal remittances, received (current US$)",1198976815,1653251140,1658275022,1866227306
Luxembourg,GDP growth (annual %),3.172442733,4.86496856,3.915962767,1.54566061
Luxembourg,GDP (current US$),37347394603,53212476812,57204400105,62316359824
Latvia,"Personal remittances, received (% of GDP)",2.240729858,5.293749283,4.918093002,4.152927059
Latvia,"Personal remittances, received (current US$)",379187600.8,1257655513,1326550507,1265118729
Latvia,GDP growth (annual %),10.69703706,-3.940670306,2.971703832,4.636479621
Latvia,GDP (current US$),16922504045,23757368290,26972863394,30463302414
"China, Macao SAR","Personal remittances, received (% of GDP)",0.439540716,0.166598303,0.087138772,0.05028871
"China, Macao SAR","Personal remittances, received (current US$)",53150239.34,46853508.75,39527609.17,25425686.27
"China, Macao SAR",GDP growth (annual %),8.060186412,25.26388071,-21.59448768,9.703992759
"China, Macao SAR",GDP (current US$),12092222042,28123640999,45361678147,50559431846
St. Martin (French part),"Personal remittances, received (% of GDP)",,,,
St. Martin (French part),"Personal remittances, received (current US$)",,,,
St. Martin (French part),GDP growth (annual %),,,,
St. Martin (French part),GDP (current US$),,,,
Morocco,"Personal remittances, received (% of GDP)",7.361251708,6.889900968,6.823044804,6.219197132
Morocco,"Personal remittances, received (current US$)",4589226820,6422541530,6903543638,6823002118
Morocco,GDP growth (annual %),3.291639684,3.815717917,4.536378168,4.087506817
Morocco,GDP (current US$),62343022651,93216746662,1.01E+11,1.10E+11
Monaco,"Personal remittances, received (% of GDP)",,,,
Monaco,"Personal remittances, received (current US$)",,,,
Monaco,GDP growth (annual %),1.895415281,2.054293852,4.942329761,-3.5
Monaco,GDP (current US$),4203084194,5362649007,6258178995,6400946586
Republic of Moldova,"Personal remittances, received (% of GDP)",30.62169893,25.13032208,19.88475061,16.94861095
Republic of Moldova,"Personal remittances, received (current US$)",915080000,1752830000,1540120000,1638890000
Republic of Moldova,GDP growth (annual %),7.500000095,7.100000092,-0.338235296,4.690793428
Republic of Moldova,GDP (current US$),2988338439,6974960345,7745231660,9669759987
Madagascar,"Personal remittances, received (% of GDP)",2.017603573,5.221407547,3.354232069,2.989546897
Madagascar,"Personal remittances, received (current US$)",101672956.3,455825544.2,326844541.4,342776977.9
Madagascar,GDP growth (annual %),4.602899965,0.263110856,3.116614714,4.30687978
Madagascar,GDP (current US$),5039293031,8729936136,9744243531,11465850504
Maldives,"Personal remittances, received (% of GDP)",0.194028097,0.122062735,0.088662708,0.082559878
Maldives,"Personal remittances, received (current US$)",2257250,3159198.48,3643527.316,4016988.865
Maldives,GDP growth (annual %),-13.12905343,7.265129068,2.884567526,6.911694465
Maldives,GDP (current US$),1163362438,2588176055,4109424800,4865546026
Middle East & North Africa,"Personal remittances, received (% of GDP)",1.951693651,1.668364541,1.935969891,2.088602055
Middle East & North Africa,"Personal remittances, received (current US$)",23514262587,38219979525,53156736729,59037067303
Middle East & North Africa,GDP growth (annual %),5.046369872,5.046856195,2.509975644,1.604305246
Middle East & North Africa,GDP (current US$),1.53E+12,2.77E+12,3.15E+12,3.28E+12
Mexico,"Personal remittances, received (% of GDP)",2.591733014,2.087373049,2.241069938,2.786574181
Mexico,"Personal remittances, received (current US$)",22741840920,22080259154,26233171803,32270507679
Mexico,GDP growth (annual %),2.307807066,5.118118143,3.287991599,2.069715185
Mexico,GDP (current US$),8.77E+11,1.06E+12,1.17E+12,1.16E+12
Marshall Islands,"Personal remittances, received (% of GDP)",17.21420647,13.46611793,15.21443985,13.88037276
Marshall Islands,"Personal remittances, received (current US$)",23743313.99,22214933.55,27340028.91,28340029
Marshall Islands,GDP growth (annual %),2.915454115,6.453637685,-0.364546612,3.599971042
Marshall Islands,GDP (current US$),137928600,164969100,179697900,204173400
Middle income,"Personal remittances, received (% of GDP)",1.746836437,1.427490902,1.56044614,1.463855452
Middle income,"Personal remittances, received (current US$)",1.66E+11,2.88E+11,4.07E+11,4.20E+11
Middle income,GDP growth (annual %),7.001143742,7.368550205,3.902790831,4.856024965
Middle income,GDP (current US$),9.67E+12,2.03E+13,2.67E+13,2.94E+13
TFYR Macedonia,"Personal remittances, received (% of GDP)",3.620113974,4.123782291,3.046910475,2.788236107
TFYR Macedonia,"Personal remittances, received (current US$)",226568479,387931157,306656775,314499343
TFYR Macedonia,GDP growth (annual %),4.723733083,3.358750858,3.855610302,0.240521014
TFYR Macedonia,GDP (current US$),6258600714,9407168702,10064515432,11279509014
Mali,"Personal remittances, received (% of GDP)",2.837232299,4.426974669,6.233841297,5.758016794
Mali,"Personal remittances, received (current US$)",177186056.2,472745533.9,816601762.1,883257573.6
Mali,GDP growth (annual %),6.534762657,5.413452222,5.962581591,5.400000103
Mali,GDP (current US$),6245031690,10678749467,13099495530,15339614407
Malta,"Personal remittances, received (% of GDP)",3.4748869,2.626938445,2.563130308,2.058412875
Malta,"Personal remittances, received (current US$)",222213853.1,229622255.2,274302796.2,262423006.1
Malta,GDP growth (annual %),3.783652259,3.542683214,10.66106138,6.705510407
Malta,GDP (current US$),6394851387,8741059603,10701866983,12748803180
Myanmar,"Personal remittances, received (% of GDP)",1.08024715,0.231838845,3.358536488,3.864125653
Myanmar,"Personal remittances, received (current US$)",129488927.9,114854849.3,2004623474,2578109273
Myanmar,GDP growth (annual %),13.56895002,9.634439452,6.99284029,6.758628824
Myanmar,GDP (current US$),11986972419,49540813342,59687410897,66719084836
Middle East & North Africa (excluding high income),"Personal remittances, received (% of GDP)",3.271126756,2.843854318,3.670720051,4.124085219
Middle East & North Africa (excluding high income),"Personal remittances, received (current US$)",22782270363,37138557453,51223534023,56764772074
Middle East & North Africa (excluding high income),GDP growth (annual %),4.539043091,5.271638711,0.984977951,3.042903434
Middle East & North Africa (excluding high income),GDP (current US$),6.99E+11,1.38E+12,1.44E+12,1.44E+12
Montenegro,"Personal remittances, received (% of GDP)",,10.05174758,11.58570666,10.78822683
Montenegro,"Personal remittances, received (current US$)",,416061137.2,469558655.9,522645580.9
Montenegro,GDP growth (annual %),4.180601527,2.734341541,3.390420876,4.716464962
Montenegro,GDP (current US$),2257174481,4139192053,4052913386,4844592067
Mongolia,"Personal remittances, received (% of GDP)",7.012106212,3.703223223,2.220588888,2.390884239
Mongolia,"Personal remittances, received (current US$)",176948504.1,266242560.5,260910769.8,273364998.1
Mongolia,GDP growth (annual %),7.25366544,6.365161685,2.379835807,5.30166847
Mongolia,GDP (current US$),2523471532,7189481824,11749620620,11433635876
Northern Mariana Islands,"Personal remittances, received (% of GDP)",,,,
Northern Mariana Islands,"Personal remittances, received (current US$)",,,,
Northern Mariana Islands,GDP growth (annual %),-12.66620014,1.383647799,3.396226415,25.14231499
Northern Mariana Islands,GDP (current US$),1061000000,799000000,931000000,1593000000
Mozambique,"Personal remittances, received (% of GDP)",0.762468386,1.140186311,0.96550306,2.038717644
Mozambique,"Personal remittances, received (current US$)",58891885.44,115777234.5,142879136.5,257936772.5
Mozambique,GDP growth (annual %),8.720667877,6.687221601,6.593985957,3.736958241
Mozambique,GDP (current US$),7723846195,10154238250,14798413628,12651912500
Mauritania,"Personal remittances, received (% of GDP)",,,,1.551026381
Mauritania,"Personal remittances, received (current US$)",,,,77170265.83
Mauritania,GDP growth (annual %),8.969422318,4.773697175,1.399999997,3.02948016
Mauritania,GDP (current US$),2184445123,4337794151,4832547925,4975432191
Mauritius,"Personal remittances, received (% of GDP)",0.009388472,0.008140601,1.912181766,1.887295442
Mauritius,"Personal remittances, received (current US$)",609194.4962,814358.9092,223577781.4,250243134.9
Mauritius,GDP growth (annual %),1.777543046,4.377203227,3.553071704,3.814152108
Mauritius,GDP (current US$),6488750454,10003670690,11692287066,13259351418
Malawi,"Personal remittances, received (% of GDP)",0.616315246,0.312767556,0.650971972,0.648861263
Malawi,"Personal remittances, received (current US$)",22531928.65,21767544.64,41487828.03,40899621.82
Malawi,GDP growth (annual %),3.268725828,6.874065635,2.799999999,4.000030517
Malawi,GDP (current US$),3655909664,6959655571,6373212641,6303292264
Malaysia,"Personal remittances, received (% of GDP)",0.778193154,0.432491586,0.554119957,0.52364384
Malaysia,"Personal remittances, received (current US$)",1116972560,1102925378,1643720838,1647945225
Malaysia,GDP growth (annual %),5.332139149,7.424847386,5.091515721,5.897009293
Malaysia,GDP (current US$),1.44E+11,2.55E+11,2.97E+11,3.15E+11
North America,"Personal remittances, received (% of GDP)",0.040323732,0.050510752,0.039712049,0.036093655
North America,"Personal remittances, received (current US$)",5728388577,8390512764,9297336324,9133360815
North America,GDP growth (annual %),3.482480344,2.612244506,2.662726012,2.291170807
North America,GDP (current US$),1.42E+13,1.66E+13,1.98E+13,2.11E+13
Namibia,"Personal remittances, received (% of GDP)",0.246629409,0.614293402,0.400609981,0.355976437
Namibia,"Personal remittances, received (current US$)",17563446.86,69305764.72,46673693.35,48292447.47
Namibia,GDP growth (annual %),2.529262728,6.039249546,6.086376114,-0.867877108
Namibia,GDP (current US$),7121391946,11282192605,11650656642,13566192143
New Caledonia,"Personal remittances, received (% of GDP)",,,,
New Caledonia,"Personal remittances, received (current US$)",512232802.1,491844506.8,612898777.6,621061693
New Caledonia,GDP growth (annual %),,,,
New Caledonia,GDP (current US$),,,,
Niger,"Personal remittances, received (% of GDP)",1.949111807,2.348319634,2.376352958,3.243823724
Niger,"Personal remittances, received (current US$)",66369885.04,134292521.4,171517261.8,263389083.4
Niger,GDP growth (annual %),4.499999999,8.36421953,4.337072369,4.893436692
Niger,GDP (current US$),3405134832,5718664505,7217667781,8119710126
Nigeria,"Personal remittances, received (% of GDP)",8.311897229,5.433920155,4.27788986,5.855215515
Nigeria,"Personal remittances, received (current US$)",14640084310,19744686093,21157723742,22000708025
Nigeria,GDP growth (annual %),6.438516525,8.005655915,2.652693295,0.80588662
Nigeria,GDP (current US$),1.76E+11,3.63E+11,4.95E+11,3.76E+11
Nicaragua,"Personal remittances, received (% of GDP)",9.740030237,9.417006112,9.387211221,10.07470125
Nicaragua,"Personal remittances, received (current US$)",615700000,824800000,1197500000,1394700000
Nicaragua,GDP growth (annual %),4.282398312,4.410099117,4.792267648,4.675475377
Nicaragua,GDP (current US$),6321335612,8758622329,12756717323,13843586680
Netherlands,"Personal remittances, received (% of GDP)",0.183820141,0.20322823,0.300334113,0.274610386
Netherlands,"Personal remittances, received (current US$)",1259338276,1720438527,2298351699,2280838671
Netherlands,GDP growth (annual %),2.050876074,1.342739444,1.959169699,2.868832199
Netherlands,GDP (current US$),6.85E+11,8.47E+11,7.65E+11,8.31E+11
Norway,"Personal remittances, received (% of GDP)",0.163667732,0.158453157,0.157486554,0.154441986
Norway,"Personal remittances, received (current US$)",505278425,679971540.3,608942452.3,616978588.9
Norway,GDP growth (annual %),2.624720535,0.691663072,1.970052934,1.980437749
Norway,GDP (current US$),3.09E+11,4.29E+11,3.87E+11,3.99E+11
Nepal,"Personal remittances, received (% of GDP)",14.90510198,21.64698527,31.43237437,27.84589908
Nepal,"Personal remittances, received (current US$)",1211823253,3464092682,6729935671,6928134012
Nepal,GDP growth (annual %),3.479181046,4.81641465,3.322905439,7.90574161
Nepal,GDP (current US$),8130258041,16002656434,21410840909,24880266905
Nauru,"Personal remittances, received (% of GDP)",,,,
Nauru,"Personal remittances, received (current US$)",,,,
Nauru,GDP growth (annual %),,13.55082678,2.808191226,4.154685104
Nauru,GDP (current US$),,49234059.72,99964019.3,113880715.2
New Zealand,"Personal remittances, received (% of GDP)",0.306865011,0.252758399,0.160799832,0.229370669
New Zealand,"Personal remittances, received (current US$)",352035937.8,370502945.3,284950344.1,464683904.8
New Zealand,GDP growth (annual %),3.32140288,1.5392456,3.584704557,3.128460818
New Zealand,GDP (current US$),1.15E+11,1.47E+11,1.77E+11,2.03E+11
OECD members,"Personal remittances, received (% of GDP)",0.273006498,0.298413844,0.325158881,0.326929887
OECD members,"Personal remittances, received (current US$)",1.02E+11,1.33E+11,1.52E+11,1.63E+11
OECD members,GDP growth (annual %),2.759629725,2.886706143,2.422829122,2.419673973
OECD members,GDP (current US$),3.73E+13,4.47E+13,4.69E+13,4.98E+13
Oman,"Personal remittances, received (% of GDP)",0.125512509,0.066524747,0.056603133,0.055113828
Oman,"Personal remittances, received (current US$)",39011703.51,39011703.51,39011703.51,39011703.51
Oman,GDP growth (annual %),2.49045836,4.804711285,4.741250717,-0.928051651
Oman,GDP (current US$),31081924577,58642392718,68921456437,70783875163
Other small states,"Personal remittances, received (% of GDP)",,,1.160043025,1.319398268
Other small states,"Personal remittances, received (current US$)",1810234108,3380516971,3627612251,4331431324
Other small states,GDP growth (annual %),6.111824685,8.277931001,2.793412602,2.170536072
Other small states,GDP (current US$),1.84E+11,3.25E+11,3.71E+11,4.05E+11
Pakistan,"Personal remittances, received (% of GDP)",3.90860075,5.462021198,7.135672818,6.456101852
Pakistan,"Personal remittances, received (current US$)",4280000000,9690000000,19306000000,19688000000
Pakistan,GDP growth (annual %),7.667304271,1.606691959,4.731147475,5.700621241
Pakistan,GDP (current US$),1.10E+11,1.77E+11,2.71E+11,3.05E+11
Panama,"Personal remittances, received (% of GDP)",0.791479677,1.392648852,1.024556448,0.856081357
Panama,"Personal remittances, received (current US$)",129600000,410000000,554200000,533200000
Panama,GDP growth (annual %),7.191279402,5.827839392,5.732763632,5.321230184
Panama,GDP (current US$),16374393900,29440300000,54091700000,62283800000
Peru,"Personal remittances, received (% of GDP)",1.893315884,1.717568742,1.436063991,1.448127955
Peru,"Personal remittances, received (current US$)",1440067536,2533910907,2725062654,3051238954
Peru,GDP growth (annual %),6.285060325,8.332459107,3.255889597,2.519088535
Peru,GDP (current US$),76060606061,1.48E+11,1.90E+11,2.11E+11
Philippines,"Personal remittances, received (% of GDP)",13.32332098,10.80041591,10.17828961,10.46164046
Philippines,"Personal remittances, received (current US$)",13732557722,21556633836,29799395700,32809770434
Philippines,GDP growth (annual %),4.77766782,7.63226478,6.066548905,6.677553566
Philippines,GDP (current US$),1.03E+11,2.00E+11,2.93E+11,3.14E+11
Palau,"Personal remittances, received (% of GDP)",0.798678936,0.921707163,0.775690172,0.750894105
Palau,"Personal remittances, received (current US$)",1474978.694,1685461.37,2273734.061,2176267.575
Palau,GDP growth (annual %),4.493255138,0.416866486,10.4309733,-3.570566825
Palau,GDP (current US$),184677300,182863000,293124000,289823500
Papua New Guinea,"Personal remittances, received (% of GDP)",0.141117959,0.024514916,0.048221417,0.018872773
Papua New Guinea,"Personal remittances, received (current US$)",6866648.841,3493553.627,10475320.69,4204418.227
Papua New Guinea,GDP growth (annual %),6.344795923,10.12468622,9.5,1.549820847
Papua New Guinea,GDP (current US$),4865892972,14250726290,21723378125,22277692409
Poland,"Personal remittances, received (% of GDP)",2.113841184,1.597883807,1.420293346,1.305163036
Poland,"Personal remittances, received (current US$)",6471000000,7659000000,6783000000,6870000000
Poland,GDP growth (annual %),3.49366448,3.606928261,3.838945167,4.814129544
Poland,GDP (current US$),3.06E+11,4.79E+11,4.78E+11,5.26E+11
Pre-demographic dividend,"Personal remittances, received (% of GDP)",4.531097048,2.930916903,2.605580806,2.828792113
Pre-demographic dividend,"Personal remittances, received (current US$)",18955115995,28202343041,34007199994,36332831827
Pre-demographic dividend,GDP growth (annual %),6.80867956,6.3040629,3.070877054,1.713130733
Pre-demographic dividend,GDP (current US$),4.91E+11,1.01E+12,1.34E+12,1.30E+12
Puerto Rico,"Personal remittances, received (% of GDP)",,,,
Puerto Rico,"Personal remittances, received (current US$)",,,,
Puerto Rico,GDP growth (annual %),-1.986938733,-0.413254118,-1.049443651,-2.65739342
Puerto Rico,GDP (current US$),83914521300,98381300000,1.03E+11,1.04E+11
Dem. People's Republic of Korea,"Personal remittances, received (% of GDP)",,,,
Dem. People's Republic of Korea,"Personal remittances, received (current US$)",,,,
Dem. People's Republic of Korea,GDP growth (annual %),,,,
Dem. People's Republic of Korea,GDP (current US$),,,,
Portugal,"Personal remittances, received (% of GDP)",0.19602119,0.216956379,0.185080124,0.206383435
Portugal,"Personal remittances, received (current US$)",386758653.6,517014522.3,369087256.6,452615641.8
Portugal,GDP growth (annual %),0.766784431,1.898691176,1.822065644,2.795024248
Portugal,GDP (current US$),1.97E+11,2.38E+11,1.99E+11,2.19E+11
Paraguay,"Personal remittances, received (% of GDP)",1.502211848,1.506045975,1.530912916,1.804905019
Paraguay,"Personal remittances, received (current US$)",161300000,409885000,553640400,704073600
Paraguay,GDP growth (annual %),2.133490665,11.14373579,3.080374008,4.958051422
Paraguay,GDP (current US$),10737500188,27215968616,36164068797,39008900332
State of Palestine,"Personal remittances, received (% of GDP)",7.830151059,10.40198569,14.40747496,14.78040488
State of Palestine,"Personal remittances, received (current US$)",378337238.9,927139386.6,1825859302,2142877880
State of Palestine,GDP growth (annual %),10.79876211,8.099089262,3.428732254,3.14023678
State of Palestine,GDP (current US$),4831800000,8913100000,12673000000,14498100000
Pacific island small states,"Personal remittances, received (% of GDP)",8.112724925,7.472067878,7.332212838,6.974417121
Pacific island small states,"Personal remittances, received (current US$)",396295873.1,475768921.3,645914037,681366005.6
Pacific island small states,GDP growth (annual %),2.27781456,2.900447515,3.678484603,4.042383958
Pacific island small states,GDP (current US$),5264852378,6416533301,8909228715,9883385374
Post-demographic dividend,"Personal remittances, received (% of GDP)",0.217091632,0.261085127,0.290835071,0.294206807
Post-demographic dividend,"Personal remittances, received (current US$)",76907016733,1.10E+11,1.28E+11,1.38E+11
Post-demographic dividend,GDP growth (annual %),2.686031355,2.796587483,2.108829047,2.264318763
Post-demographic dividend,GDP (current US$),3.56E+13,4.25E+13,4.44E+13,4.73E+13
French Polynesia,"Personal remittances, received (% of GDP)",,,,
French Polynesia,"Personal remittances, received (current US$)",557270620.3,650741021.2,564273664.8,581560111.8
French Polynesia,GDP growth (annual %),,,,
French Polynesia,GDP (current US$),,,,
Qatar,"Personal remittances, received (% of GDP)",,,0.270241349,0.398933544
Qatar,"Personal remittances, received (current US$)",,,437087912.1,665934065.9
Qatar,GDP growth (annual %),7.492758506,19.59233153,3.657510261,1.579850253
Qatar,GDP (current US$),44530494505,1.25E+11,1.62E+11,1.67E+11
Romania,"Personal remittances, received (% of GDP)",0.96674083,0.385854065,1.734439302,2.033569027
Romania,"Personal remittances, received (current US$)",951783338.2,641386614.5,3085453945,4299105930
Romania,GDP growth (annual %),4.668148051,-3.90123628,3.871522323,6.991393543
Romania,GDP (current US$),98452791983,1.66E+11,1.78E+11,2.11E+11
Russian Federation,"Personal remittances, received (% of GDP)",0.449801446,0.344282239,0.506264191,0.521656815
Russian Federation,"Personal remittances, received (current US$)",3436560000,5250020000,6903390000,8235000000
Russian Federation,GDP growth (annual %),6.399965448,4.5,-2.307733505,1.630195944
Russian Federation,GDP (current US$),7.64E+11,1.52E+12,1.36E+12,1.58E+12
Rwanda,"Personal remittances, received (% of GDP)",0.330317719,1.841069807,1.923259197,2.356668693
Rwanda,"Personal remittances, received (current US$)",8869470.826,106471877,159199957,215292394.8
Rwanda,GDP growth (annual %),9.377875686,7.338194817,8.867977374,6.057831319
Rwanda,GDP (current US$),2685133231,5783152633,8277613194,9135454442
South Asia,"Personal remittances, received (% of GDP)",3.314252205,3.976841217,4.360368362,3.496516812
South Asia,"Personal remittances, received (current US$)",34237091267,81965078555,1.18E+11,1.17E+11
South Asia,GDP growth (annual %),7.718524242,7.702666783,7.480020569,6.935768193
South Asia,GDP (current US$),1.04E+12,2.06E+12,2.70E+12,3.35E+12
Saudi Arabia,"Personal remittances, received (% of GDP)",0.028577842,0.04477031,0.04515482,0.042227784
Saudi Arabia,"Personal remittances, received (current US$)",93866666.67,236480000,295434400,290774666.7
Saudi Arabia,GDP growth (annual %),5.573850121,5.039493675,4.10640887,-0.741529927
Saudi Arabia,GDP (current US$),3.28E+11,5.28E+11,6.54E+11,6.89E+11
Sudan,"Personal remittances, received (% of GDP)",2.653348272,2.217653891,0.156490887,0.173043601
Sudan,"Personal remittances, received (current US$)",703788385.7,1455537377,151392010.5,212936009.9
Sudan,GDP growth (annual %),7.489738142,3.469335093,4.906045175,4.283071004
Sudan,GDP (current US$),26524538566,65634109237,96741742022,1.23E+11
Senegal,"Personal remittances, received (% of GDP)",7.156288261,9.112992736,9.888996611,10.16809146
Senegal,"Personal remittances, received (current US$)",788824890.5,1477678083,1757047705,2143603474
Senegal,GDP growth (annual %),5.622606856,3.56274539,6.367263427,7.082922291
Senegal,GDP (current US$),11022821632,16215069256,17767704597,21081669870
Singapore,"Personal remittances, received (% of GDP)",,,,
Singapore,"Personal remittances, received (current US$)",,,,
Singapore,GDP growth (annual %),7.35903621,14.52564666,2.892499228,3.699781577
Singapore,GDP (current US$),1.28E+11,2.40E+11,3.08E+11,3.38E+11
Solomon Islands,"Personal remittances, received (% of GDP)",1.730420843,2.096248988,1.609828932,1.21662015
Solomon Islands,"Personal remittances, received (current US$)",7162382.821,14278624.92,18587890.83,16073147.05
Solomon Islands,GDP growth (annual %),5.421193232,6.80904496,2.542240201,3.534339147
Solomon Islands,GDP (current US$),413909879.3,681151190,1154650066,1321131091
Sierra Leone,"Personal remittances, received (% of GDP)",0.147537917,1.715210382,1.141665016,1.292682586
Sierra Leone,"Personal remittances, received (current US$)",2435105.011,44218574.71,48163694.6,48340873.26
Sierra Leone,GDP growth (annual %),4.505095672,5.346466052,-20.59877072,4.211182649
Sierra Leone,GDP (current US$),1650494367,2578026297,4218723875,3739577973
El Salvador,"Personal remittances, received (% of GDP)",20.6055226,18.81966487,18.23780572,20.04316254
El Salvador,"Personal remittances, received (current US$)",3028600000,3471836719,4274620676,4996353545
El Salvador,GDP growth (annual %),2.707467768,2.545755961,2.395029358,2.307938504
El Salvador,GDP (current US$),14698001400,18447920000,23438240000,24927970000
San Marino,"Personal remittances, received (% of GDP)",,,,
San Marino,"Personal remittances, received (current US$)",,,,
San Marino,GDP growth (annual %),2.380952381,-4.655493482,0.6,1.5
San Marino,GDP (current US$),1958711603,2139072848,1523012088,1632860041
Somalia,"Personal remittances, received (% of GDP)",,,,
Somalia,"Personal remittances, received (current US$)",,,,
Somalia,GDP growth (annual %),,,,
Somalia,GDP (current US$),,,6669000749,7128000000
Serbia,"Personal remittances, received (% of GDP)",,9.847691855,8.5018044,8.130079194
Serbia,"Personal remittances, received (current US$)",,4118252412,3369141803,3587025444
Serbia,GDP growth (annual %),5.540422832,0.731046443,1.776320973,2.049310525
Serbia,GDP (current US$),27683225959,41819468692,39628549950,44120424392
Sub-Saharan Africa (excluding high income),"Personal remittances, received (% of GDP)",2.911768055,2.396638084,2.628160157,2.570224683
Sub-Saharan Africa (excluding high income),"Personal remittances, received (current US$)",20119079999,31545509132,42699190232,42299052905
Sub-Saharan Africa (excluding high income),GDP growth (annual %),6.22751858,5.583823822,2.836086614,2.519656239
Sub-Saharan Africa (excluding high income),GDP (current US$),7.64E+11,1.37E+12,1.66E+12,1.68E+12
South Sudan,"Personal remittances, received (% of GDP)",,,9.202185256,
South Sudan,"Personal remittances, received (current US$)",,,1138720000,633830000
South Sudan,GDP growth (annual %),,5.493416395,-10.79180849,
South Sudan,GDP (current US$),,15727363443,12374452028,
Sub-Saharan Africa,"Personal remittances, received (% of GDP)",2.909649026,2.396192527,2.627066804,2.569178596
Sub-Saharan Africa,"Personal remittances, received (current US$)",20131181090,31562886083,42717614463,42320714153
Sub-Saharan Africa,GDP growth (annual %),6.229551078,5.584085951,2.837598718,2.521036701
Sub-Saharan Africa,GDP (current US$),7.65E+11,1.37E+12,1.66E+12,1.68E+12
Small states,"Personal remittances, received (% of GDP)",,,1.972566218,2.10345713
Small states,"Personal remittances, received (current US$)",4551557417,6682384972,7522397623,8308037391
Small states,GDP growth (annual %),5.539422167,7.029604755,2.572771916,1.94392944
Small states,GDP (current US$),2.39E+11,3.94E+11,4.52E+11,4.84E+11
Sao Tome and Principe,"Personal remittances, received (% of GDP)",1.099298446,3.22265225,6.277832767,4.850698271
Sao Tome and Principe,"Personal remittances, received (current US$)",1500000,6363257.454,19980196.89,18192067.23
Sao Tome and Principe,GDP growth (annual %),7.093770448,6.67198532,3.798398936,3.871185947
Sao Tome and Principe,GDP (current US$),136450661.3,197454052.1,318265835.3,375040173.8
Suriname,"Personal remittances, received (% of GDP)",0.217465401,0.098434253,0.14006777,0.021407685
Suriname,"Personal remittances, received (current US$)",3900000,4300000,6705559.504,656951.7851
Suriname,GDP growth (annual %),4.500000692,5.165237772,-3.411095864,1.687083602
Suriname,GDP (current US$),1793388732,4368398048,4787367928,3068766110
Slovakia,"Personal remittances, received (% of GDP)",1.932448485,1.777950675,2.435428282,2.262033426
Slovakia,"Personal remittances, received (current US$)",1211597664,1591283863,2137565543,2162903663
Slovakia,GDP growth (annual %),6.750960834,5.041716665,4.174873197,3.188341055
Slovakia,GDP (current US$),62697540107,89501012916,87769595120,95617670260
Slovenia,"Personal remittances, received (% of GDP)",0.71835416,0.723334583,0.873960909,0.985752344
Slovenia,"Personal remittances, received (current US$)",261100000,347299022.3,376695017.9,477655360.9
Slovenia,GDP growth (annual %),4.003007364,1.237755909,2.304895835,4.880537506
Slovenia,GDP (current US$),36346974008,48013606745,43102044291,48455919386
Sweden,"Personal remittances, received (% of GDP)",0.465099288,0.830620279,0.675245892,0.552298818
Sweden,"Personal remittances, received (current US$)",1811506054,4060977951,3363518893,2958153261
Sweden,GDP growth (annual %),2.816677338,5.991968041,4.45656911,2.10471614
Sweden,GDP (current US$),3.89E+11,4.89E+11,4.98E+11,5.36E+11
Eswatini,"Personal remittances, received (% of GDP)",3.002456636,1.232103039,2.382210054,3.254914646
Eswatini,"Personal remittances, received (current US$)",95421869.76,54690323.85,95771402.34,144311990.8
Eswatini,GDP growth (annual %),5.99877655,3.793754968,0.391128861,1.873054342
Eswatini,GDP (current US$),3178126492,4438778424,4020275298,4433664364
Sint Maarten (Dutch part),"Personal remittances, received (% of GDP)",,,,
Sint Maarten (Dutch part),"Personal remittances, received (current US$)",,,55117318.44,55055865.92
Sint Maarten (Dutch part),GDP growth (annual %),,3.2,0.50906595,
Sint Maarten (Dutch part),GDP (current US$),,,,
Seychelles,"Personal remittances, received (% of GDP)",1.316619308,1.791555434,1.33751703,1.441039058
Seychelles,"Personal remittances, received (current US$)",12101090.91,17376950.52,18424230.93,21661247.93
Seychelles,GDP growth (annual %),9.005761428,5.954962469,4.937385619,4.332388099
Seychelles,GDP (current US$),919103254.5,969936525.3,1377495054,1503168690
Syrian Arab Republic,"Personal remittances, received (% of GDP)",2.851800074,,,
Syrian Arab Republic,"Personal remittances, received (current US$)",823000000,1622538750,1622538750,1622538750
Syrian Arab Republic,GDP growth (annual %),6.2,,,
Syrian Arab Republic,GDP (current US$),28858965517,,,
Turks and Caicos Islands,"Personal remittances, received (% of GDP)",,,0.677446986,0.801754787
Turks and Caicos Islands,"Personal remittances, received (current US$)",,,6053000,7717097
Turks and Caicos Islands,GDP growth (annual %),,,5.941270828,4.275465839
Turks and Caicos Islands,GDP (current US$),578645760,686787810,893501650,962525840
Chad,"Personal remittances, received (% of GDP)",,,,
Chad,"Personal remittances, received (current US$)",,,,
Chad,GDP growth (annual %),17.33253374,13.55010086,2.767675685,-2.988695986
Chad,GDP (current US$),6646663561,10657705536,10945989472,9975692095
East Asia & Pacific (IDA & IBRD countries),"Personal remittances, received (% of GDP)",0.929987815,0.732166009,0.824380352,0.67734848
East Asia & Pacific (IDA & IBRD countries),"Personal remittances, received (current US$)",28817362794,57501537470,1.09E+11,99014900922
East Asia & Pacific (IDA & IBRD countries),GDP growth (annual %),9.716304285,9.777111914,6.510057128,6.472769264
East Asia & Pacific (IDA & IBRD countries),GDP (current US$),3.10E+12,7.85E+12,1.32E+13,1.46E+13
Europe & Central Asia (IDA & IBRD countries),"Personal remittances, received (% of GDP)",1.313469171,1.304566791,1.450790363,1.53054158
Europe & Central Asia (IDA & IBRD countries),"Personal remittances, received (current US$)",26005363497,47473139188,52457505469,58767992627
Europe & Central Asia (IDA & IBRD countries),GDP growth (annual %),6.657681989,4.768983254,1.224060232,4.115795466
Europe & Central Asia (IDA & IBRD countries),GDP (current US$),2.03E+12,3.64E+12,3.62E+12,3.90E+12
Togo,"Personal remittances, received (% of GDP)",8.440870778,9.824731572,8.700154024,8.447848184
Togo,"Personal remittances, received (current US$)",192500458.8,336597485.3,363595549.8,402613207.2
Togo,GDP growth (annual %),1.180406952,6.099259161,5.742868453,4.449407392
Togo,GDP (current US$),2280575830,3426022206,4179185205,4765866980
Thailand,"Personal remittances, received (% of GDP)",0.626996305,1.2996467,1.468910838,1.476053455
Thailand,"Personal remittances, received (current US$)",1187020000,4433160000,5894680000,6720110000
Thailand,GDP growth (annual %),4.187834924,7.513590658,3.133896962,4.024085781
Thailand,GDP (current US$),1.89E+11,3.41E+11,4.01E+11,4.55E+11
Tajikistan,"Personal remittances, received (% of GDP)",20.181064,35.81070638,28.75566588,31.25483688
Tajikistan,"Personal remittances, received (current US$)",466652300,2020504005,2258643220,2237179088
Tajikistan,GDP growth (annual %),6.644293718,6.520680751,6.008287872,7.617492691
Tajikistan,GDP (current US$),2312327536,5642178580,7854602392,7157865188
Turkmenistan,"Personal remittances, received (% of GDP)",,0.156311174,0.044693094,0.00422662
Turkmenistan,"Personal remittances, received (current US$)",,35299999.24,16000000,1603000.045
Turkmenistan,GDP growth (annual %),13.03403487,9.199999988,6.49999991,6.500000047
Turkmenistan,GDP (current US$),8103901996,22583157895,35799714286,37926285714
Latin America & the Caribbean (IDA & IBRD countries),"Personal remittances, received (% of GDP)",1.80981764,1.103584098,1.407228546,1.541174787
Latin America & the Caribbean (IDA & IBRD countries),"Personal remittances, received (current US$)",48983014566,56863478030,68817597574,81749694053
Latin America & the Caribbean (IDA & IBRD countries),GDP growth (annual %),4.342705928,6.045165225,0.047912459,1.734139568
Latin America & the Caribbean (IDA & IBRD countries),GDP (current US$),2.71E+12,5.15E+12,5.29E+12,5.73E+12
Timor-Leste,"Personal remittances, received (% of GDP)",,3.429289179,1.991386116,3.499601323
Timor-Leste,"Personal remittances, received (current US$)",,137135947.6,61586100,87044514.13
Timor-Leste,GDP growth (annual %),35.88010902,-1.172062445,20.62560112,-9.153986478
Timor-Leste,GDP (current US$),1813708128,3998961314,3092624755,2487269437
Middle East & North Africa (IDA & IBRD countries),"Personal remittances, received (% of GDP)",3.239277104,2.789524665,3.569070454,4.007270805
Middle East & North Africa (IDA & IBRD countries),"Personal remittances, received (current US$)",22403933125,36211418066,49397674721,54621894194
Middle East & North Africa (IDA & IBRD countries),GDP growth (annual %),4.499786797,5.252958893,0.965836222,3.042142891
Middle East & North Africa (IDA & IBRD countries),GDP (current US$),6.94E+11,1.37E+12,1.43E+12,1.42E+12
Tonga,"Personal remittances, received (% of GDP)",26.30353993,20.03597285,34.41671836,36.84976101
Tonga,"Personal remittances, received (current US$)",68961604.02,74029954.14,149863544.9,158518153.1
Tonga,GDP growth (annual %),1.582168376,3.585657371,3.71184687,2.7
Tonga,GDP (current US$),262176133.7,369485198.8,435438217.3,430174168.7
South Asia (IDA & IBRD),"Personal remittances, received (% of GDP)",3.314252205,3.976841217,4.360368362,3.496516812
South Asia (IDA & IBRD),"Personal remittances, received (current US$)",34237091267,81965078555,1.18E+11,1.17E+11
South Asia (IDA & IBRD),GDP growth (annual %),7.718524242,7.702666783,7.480020569,6.935768193
South Asia (IDA & IBRD),GDP (current US$),1.04E+12,2.06E+12,2.70E+12,3.35E+12
Sub-Saharan Africa (IDA & IBRD countries),"Personal remittances, received (% of GDP)",2.909649026,2.396192527,2.627066804,2.569178596
Sub-Saharan Africa (IDA & IBRD countries),"Personal remittances, received (current US$)",20131181090,31562886083,42717614463,42320714153
Sub-Saharan Africa (IDA & IBRD countries),GDP growth (annual %),6.229551078,5.584085951,2.837598718,2.521036701
Sub-Saharan Africa (IDA & IBRD countries),GDP (current US$),7.65E+11,1.37E+12,1.66E+12,1.68E+12
Trinidad and Tobago,"Personal remittances, received (% of GDP)",0.578140201,0.410236536,0.617808032,0.607145366
Trinidad and Tobago,"Personal remittances, received (current US$)",92400000,90900000,155202797.8,135092606.6
Trinidad and Tobago,GDP growth (annual %),6.20893788,3.32322471,1.777885851,-1.9
Trinidad and Tobago,GDP (current US$),15982282462,22157948396,25121524775,22250455019
Tunisia,"Personal remittances, received (% of GDP)",4.315286422,4.683884576,4.568389939,4.731479423
Tunisia,"Personal remittances, received (current US$)",1392672713,2063294677,1971375773,1890325181
Tunisia,GDP growth (annual %),3.486535815,3.510608639,1.194541781,1.824675319
Tunisia,GDP (current US$),32273007554,44050929160,43152528548,39952095561
Turkey,"Personal remittances, received (% of GDP)",0.272827189,0.235651747,0.162247624,0.123069808
Turkey,"Personal remittances, received (current US$)",1368000000,1819000000,1395000000,1048000000
Turkey,GDP growth (annual %),9.009853307,8.487372139,6.085886616,7.441193291
Turkey,GDP (current US$),5.01E+11,7.72E+11,8.60E+11,8.52E+11
Tuvalu,"Personal remittances, received (% of GDP)",22.58344133,12.31716389,11.43037835,9.98732743
Tuvalu,"Personal remittances, received (current US$)",4932020.084,3919900.614,4056908.045,4056908.045
Tuvalu,GDP growth (annual %),-3.779729962,-2.729427912,9.142893933,4.094017717
Tuvalu,GDP (current US$),21839098.89,31824701.28,35492333.86,40620557.13
United Republic of Tanzania,"Personal remittances, received (% of GDP)",0.105257088,1.075419709,0.818446347,0.755120021
United Republic of Tanzania,"Personal remittances, received (current US$)",19366300,344287552.6,387768413,402634721.8
United Republic of Tanzania,GDP growth (annual %),7.476319258,6.336523427,6.160628774,6.785680114
United Republic of Tanzania,GDP (current US$),18399046025,32014249841,47378599025,53320625959
Uganda,"Personal remittances, received (% of GDP)",3.570162038,3.8183403,3.32866907,4.484475863
Uganda,"Personal remittances, received (current US$)",321808493,770789132,902157540.5,1165740929
Uganda,GDP growth (annual %),6.332565116,5.637599803,5.187859863,3.863023757
Uganda,GDP (current US$),9013834373,20186496527,27102650387,25995031850
Ukraine,"Personal remittances, received (% of GDP)",2.798115645,4.80468228,9.308920889,10.81376379
Ukraine,"Personal remittances, received (current US$)",2408000000,6535000000,8474000000,12132000000
Ukraine,GDP growth (annual %),2.997359032,3.834387699,-9.772973947,2.466053452
Ukraine,GDP (current US$),86057915585,1.36E+11,91030959455,1.12E+11
Upper middle income,"Personal remittances, received (% of GDP)",0.993682813,0.683065285,0.786885715,0.713835983
Upper middle income,"Personal remittances, received (current US$)",73754894825,1.07E+11,1.60E+11,1.59E+11
Upper middle income,GDP growth (annual %),7.117086335,7.516760372,3.413833623,4.644423832
Upper middle income,GDP (current US$),7.51E+12,1.59E+13,2.09E+13,2.29E+13
Uruguay,"Personal remittances, received (% of GDP)",0.441980182,0.310022606,0.159397814,0.174304816
Uruguay,"Personal remittances, received (current US$)",76740390,124891000,84918076.16,98463033.07
Uruguay,GDP growth (annual %),7.460132106,7.803409668,0.370741267,2.591338687
Uruguay,GDP (current US$),17362857684,40284481652,53274304222,56488991831
United States of America,"Personal remittances, received (% of GDP)",0.036780949,0.03955429,0.036104575,0.032337042
United States of America,"Personal remittances, received (current US$)",4795000000,5930000000,6578000000,6301000000
United States of America,GDP growth (annual %),3.513213797,2.563766558,2.880910466,2.21701033
United States of America,GDP (current US$),1.30E+13,1.50E+13,1.82E+13,1.95E+13
Uzbekistan,"Personal remittances, received (% of GDP)",,7.26620559,3.741107988,
Uzbekistan,"Personal remittances, received (current US$)",,2858000000,3062000000,
Uzbekistan,GDP growth (annual %),6.950007201,8.479061864,7.448470308,4.461627697
Uzbekistan,GDP (current US$),14307509839,39332770929,81847410182,59159949231
Saint Vincent and the Grenadines,"Personal remittances, received (% of GDP)",4.070515601,4.265207482,5.515646166,5.763846382
Saint Vincent and the Grenadines,"Personal remittances, received (current US$)",22417496.3,29055700.74,41668391.94,45259019.18
Saint Vincent and the Grenadines,GDP growth (annual %),2.488004855,-3.35352589,1.341638992,0.859946222
Saint Vincent and the Grenadines,GDP (current US$),550728666.7,681225963,755458031.4,785222509.1
Venezuela (Bolivarian Republic of),"Personal remittances, received (% of GDP)",0.101711217,0.036368968,,
Venezuela (Bolivarian Republic of),"Personal remittances, received (current US$)",148000000,143000000,161000000,279000000
Venezuela (Bolivarian Republic of),GDP growth (annual %),10.3179138,-1.488791251,,
Venezuela (Bolivarian Republic of),GDP (current US$),1.46E+11,3.93E+11,,
British Virgin Islands,"Personal remittances, received (% of GDP)",,,,
British Virgin Islands,"Personal remittances, received (current US$)",,,,
British Virgin Islands,GDP growth (annual %),,,,
British Virgin Islands,GDP (current US$),,,,
United States Virgin Islands,"Personal remittances, received (% of GDP)",,,,
United States Virgin Islands,"Personal remittances, received (current US$)",,,,
United States Virgin Islands,GDP growth (annual %),3.632264529,0.904116108,0.194174757,-1.696542894
United States Virgin Islands,GDP (current US$),4439000000,4339000000,3748000000,3855000000
Viet Nam,"Personal remittances, received (% of GDP)",5.465594415,7.124881684,6.727347036,6.703015906
Viet Nam,"Personal remittances, received (current US$)",3150000000,8260000000,13000000000,15000000000
Viet Nam,GDP growth (annual %),7.547247727,6.423238217,6.679288789,6.81224566
Viet Nam,GDP (current US$),57633255618,1.16E+11,1.93E+11,2.24E+11
Vanuatu,"Personal remittances, received (% of GDP)",1.290657359,1.679301293,3.262362066,2.219997759
Vanuatu,"Personal remittances, received (current US$)",5097613.246,11768615.44,24073529.22,18863506.16
Vanuatu,GDP growth (annual %),5.30285231,1.629081596,-0.801094177,4.500680305
Vanuatu,GDP (current US$),394962552.3,700804286.2,737917151.4,849708342.7
World,"Personal remittances, received (% of GDP)",0.547059617,0.645283104,0.768294987,0.736302486
World,"Personal remittances, received (current US$)",2.54E+11,4.19E+11,5.64E+11,5.84E+11
World,GDP growth (annual %),3.868315512,4.279809745,2.855552268,3.160211534
World,GDP (current US$),4.75E+13,6.60E+13,7.50E+13,8.09E+13
Samoa,"Personal remittances, received (% of GDP)",17.63811938,21.53883453,16.31086542,16.37571967
Samoa,"Personal remittances, received (current US$)",81602590.52,138504771.8,131155762.3,137807971.4
Samoa,GDP growth (annual %),4.156492103,0.479158713,1.45106458,2.704796224
Samoa,GDP (current US$),462649043,643046733.4,804100573.4,841538413
Kosovo,"Personal remittances, received (% of GDP)",19.14528242,17.26964315,15.07721488,15.3756897
Kosovo,"Personal remittances, received (current US$)",701311147.4,1006900253,971064937.2,1111318715
Kosovo,GDP growth (annual %),6.033229748,3.309574839,4.094454536,4.227908537
Kosovo,GDP (current US$),3663101604,5830463576,6440612177,7227764977
Yemen,"Personal remittances, received (% of GDP)",7.658978827,4.937432836,7.859796855,14.0595317
Yemen,"Personal remittances, received (current US$)",1282599000,1526000000,3350500000,3770584064
Yemen,GDP growth (annual %),5.591748076,7.70230704,-16.67846313,-5.942319504
Yemen,GDP (current US$),16746344766,30906749533,42628328212,26818703093
South Africa,"Personal remittances, received (% of GDP)",0.238123983,0.284953502,0.259892208,0.250296098
South Africa,"Personal remittances, received (current US$)",613577432.4,1069571381,825253479.9,873212122.8
South Africa,GDP growth (annual %),5.277056312,3.039730814,1.279549282,1.31674486
South Africa,GDP (current US$),2.58E+11,3.75E+11,3.18E+11,3.49E+11
Zambia,"Personal remittances, received (% of GDP)",0.634551414,0.215426171,0.222396051,0.362005493
Zambia,"Personal remittances, received (current US$)",52870000,43657312,47046538.13,93644095.26
Zambia,GDP growth (annual %),7.235599007,10.29820585,2.91988111,3.403168851
Zambia,GDP (current US$),8331870169,20265556274,21154394546,25868142077
Zimbabwe,"Personal remittances, received (% of GDP)",,11.7363322,10.25180305,7.582882788
Zimbabwe,"Personal remittances, received (current US$)",,1413248657,2046579806,1729883817
Zimbabwe,GDP growth (annual %),-5.71108368,19.67532314,1.779872703,4.704035348
Zimbabwe,GDP (current US$),5755215200,12041655200,19963120600,22813010116
